resource,dxbc_ordinal,source_offset,size,stage,shader_model,sha256,markers
base/additivescrollskinned.ssh,1,0x00003b5c,2660,vertex,5_0,1e3205e658f6b7aa9f6a04450a059c3076cd7ea884acb63f4f64e2708d373cd1,objectToScreenMatrix;boneMatrix
base/additivescrollstatic.ssh,1,0x00003010,1884,vertex,5_0,3d93f70ccce72c0b682212a9ee3aba6565318c2ba24f7fa0ef7aa6b53680ef27,objectToScreenMatrix;boneMatrix
base/additivescrollstaticfadein.ssh,1,0x00003356,1952,vertex,5_0,4181bcc89041713396ccf7e8e7d09f9778656d8c7c5226796decd167d2a8e6ab,objectToScreenMatrix;boneMatrix
base/additivescrollvertexcolorskinned.ssh,1,0x00003cdc,2732,vertex,5_0,cf72bd1326663ad2a26f9a196385a07bad2315a7dd8cf149c1c0e0db4638a7ee,objectToScreenMatrix;boneMatrix
base/additivescrollvertexcolorstatic.ssh,1,0x000031d8,1952,vertex,5_0,33008d661f200d7b27b56d3ea36da7d8b897940a4d2660a660251c0ad118e367,objectToScreenMatrix;boneMatrix
base/additivescrollwiggleskinned.ssh,1,0x000053d4,2964,vertex,5_0,15510e31ac56f0a622c78ba0bce5a552f21f633e8328ca566efb94e3994da297,objectToScreenMatrix;boneMatrix
base/additivescrollwigglestatic.ssh,1,0x00004810,2184,vertex,5_0,78768b8c955a8904f3827ef2f548e42de7ce3a574eca452c78112f775a2fde8f,objectToScreenMatrix;boneMatrix
base/basic.ssh,1,0x00000ce1,960,vertex,5_0,a33f1c4dc2f1728570c8b2b1efca2877a83fde60e2b05b36881394cf92116f4d,objectToScreenMatrix
base/basictexture.ssh,1,0x00001928,1064,vertex,5_0,efc1392b4135900113d55433fecac4e25d377bb82f9e94568c544c8f11019611,objectToScreenMatrix
base/bifrostskinned.ssh,1,0x00003f43,2756,vertex,5_0,a01c3c2811f22f138fb90171d838b09f5475b8f763b485d1d570c691b9566987,objectToScreenMatrix;boneMatrix
base/bifrostskinned.ssh,2,0x00004ada,2916,pixel,5_0,5e016b51774f83975205f09bc0195366a78b0c18b963606070255dd061e18151,objectToScreenMatrix;boneMatrix
base/debug/impassable.ssh,1,0x00000ce1,960,vertex,5_0,a33f1c4dc2f1728570c8b2b1efca2877a83fde60e2b05b36881394cf92116f4d,objectToScreenMatrix
base/debug.ssh,1,0x00000041,928,vertex,5_0,e0abae11c641b195a8db4402391f697161a9147b01a69e9ee75d0726e190481f,objectToScreenMatrix
base/detailmapshader.ssh,1,0x000020a8,1136,vertex,5_0,95b8667c3c5bc50a4a6d47e543d3bc9094b9d5396cc826c419983ba18a936acc,objectToScreenMatrix
base/distortadditiveskinned.ssh,1,0x000086d1,4028,vertex,5_0,205d619ea465806318bb90ded1dad6bea1be2450ad63c2427f3c05ee8bac8a72,objectToScreenMatrix;boneMatrix
base/distortadditiveskinned.ssh,2,0x00009761,2672,pixel,5_0,75cc8b627519ee8329062300f82a63af712ea98a4b21c5027ea79ea33a2c9191,objectToScreenMatrix;boneMatrix
base/distortadditiveskinned.ssh,3,0x0000a33d,3736,vertex,5_0,e790eb1d4b2c4e98b23effed3351b95072e95289d83fa1fb239ed1cd4987873e,objectToScreenMatrix;boneMatrix
base/distortadditiveskinned.ssh,4,0x0000b2b9,2220,pixel,5_0,295a87d122381f8e0f32f55b526766e4e26b7e227b0047120181900fd11dcc0e,objectToScreenMatrix;boneMatrix;baseMap
base/distortadditivestatic.ssh,1,0x000069cd,2892,vertex,5_0,35f6a03203bc5141744b819216c6bb873efd076d02dbea4afd7079b858258d39,objectToScreenMatrix;boneMatrix
base/distortadditivestatic.ssh,2,0x000075eb,2672,pixel,5_0,75cc8b627519ee8329062300f82a63af712ea98a4b21c5027ea79ea33a2c9191,objectToScreenMatrix;boneMatrix
base/distortadditivestatic.ssh,3,0x000081c7,2600,vertex,5_0,fe7f398c3a828643c0d08b7b15a2b9b370d227f4d3088f19910e74165ca5a060,objectToScreenMatrix;boneMatrix
base/distortadditivestatic.ssh,4,0x00008cd1,2220,pixel,5_0,295a87d122381f8e0f32f55b526766e4e26b7e227b0047120181900fd11dcc0e,objectToScreenMatrix;boneMatrix;baseMap
base/distortadditivewiggleskinned.ssh,1,0x0000ad95,4684,vertex,5_0,18aa4582149191ad4c8f9709dade34d7983a5da18055da52ed76c9aeac3c8627,objectToScreenMatrix;boneMatrix
base/distortadditivewiggleskinned.ssh,2,0x0000c116,3000,pixel,5_0,717245809f2e9394edd72718672547345fe99d371e84c133ba468ab850d86163,objectToScreenMatrix;boneMatrix
base/distortadditivewiggleskinned.ssh,3,0x0000ce9a,4392,vertex,5_0,0c3180557cf58b98a1f7c7e08f0a0ed4c19fc442145825863f662c1800ca2ac2,objectToScreenMatrix;boneMatrix
base/distortadditivewiggleskinned.ssh,4,0x0000e107,2548,pixel,5_0,c771b7b58160a2804567ba609f72dc31de2850a581af44fd55141566516320ff,objectToScreenMatrix;boneMatrix;baseMap
base/distortadditivewigglestatic.ssh,1,0x00008ff1,3524,vertex,5_0,67516bd2bbce650923c44cf75483fb1d4c57ba67f04fc293c26a8f0f65864d6b,objectToScreenMatrix;boneMatrix
base/distortadditivewigglestatic.ssh,2,0x00009ee8,3000,pixel,5_0,717245809f2e9394edd72718672547345fe99d371e84c133ba468ab850d86163,objectToScreenMatrix;boneMatrix
base/distortadditivewigglestatic.ssh,3,0x0000ac6c,3232,vertex,5_0,5617a569fffa9fa816ccb1cc7c34f77976e5861980bbb36223ff198972a61c02,objectToScreenMatrix;boneMatrix
base/distortadditivewigglestatic.ssh,4,0x0000ba4f,2548,pixel,5_0,c771b7b58160a2804567ba609f72dc31de2850a581af44fd55141566516320ff,objectToScreenMatrix;boneMatrix;baseMap
base/distortskinned.ssh,1,0x000088e1,4028,vertex,5_0,205d619ea465806318bb90ded1dad6bea1be2450ad63c2427f3c05ee8bac8a72,objectToScreenMatrix;boneMatrix
base/distortskinned.ssh,2,0x00009971,2744,pixel,5_0,1952c9b3e16447be05b3d9b41749d4a8130929f0e8a3f87537ddf589440480d3,objectToScreenMatrix;boneMatrix
base/distortskinned.ssh,3,0x0000a595,3736,vertex,5_0,e790eb1d4b2c4e98b23effed3351b95072e95289d83fa1fb239ed1cd4987873e,objectToScreenMatrix;boneMatrix
base/distortskinned.ssh,4,0x0000b511,2220,pixel,5_0,295a87d122381f8e0f32f55b526766e4e26b7e227b0047120181900fd11dcc0e,objectToScreenMatrix;boneMatrix;baseMap
base/distortstatic.ssh,1,0x00006b95,2892,vertex,5_0,35f6a03203bc5141744b819216c6bb873efd076d02dbea4afd7079b858258d39,objectToScreenMatrix;boneMatrix
base/distortstatic.ssh,2,0x000077b3,2744,pixel,5_0,1952c9b3e16447be05b3d9b41749d4a8130929f0e8a3f87537ddf589440480d3,objectToScreenMatrix;boneMatrix
base/distortstatic.ssh,3,0x000083d7,2600,vertex,5_0,fe7f398c3a828643c0d08b7b15a2b9b370d227f4d3088f19910e74165ca5a060,objectToScreenMatrix;boneMatrix
base/distortstatic.ssh,4,0x00008ee1,2220,pixel,5_0,295a87d122381f8e0f32f55b526766e4e26b7e227b0047120181900fd11dcc0e,objectToScreenMatrix;boneMatrix;baseMap
base/distortwiggleskinned.ssh,1,0x0000afa5,4684,vertex,5_0,18aa4582149191ad4c8f9709dade34d7983a5da18055da52ed76c9aeac3c8627,objectToScreenMatrix;boneMatrix
base/distortwiggleskinned.ssh,2,0x0000c326,3072,pixel,5_0,bbd486afbde29077780bb449be95dc54bed8e7dcb6ba17cde7125080b10f9c6e,objectToScreenMatrix;boneMatrix
base/distortwiggleskinned.ssh,3,0x0000d0f2,4392,vertex,5_0,0c3180557cf58b98a1f7c7e08f0a0ed4c19fc442145825863f662c1800ca2ac2,objectToScreenMatrix;boneMatrix
base/distortwiggleskinned.ssh,4,0x0000e35f,2548,pixel,5_0,c771b7b58160a2804567ba609f72dc31de2850a581af44fd55141566516320ff,objectToScreenMatrix;boneMatrix;baseMap
base/distortwigglestatic.ssh,1,0x00009201,3524,vertex,5_0,67516bd2bbce650923c44cf75483fb1d4c57ba67f04fc293c26a8f0f65864d6b,objectToScreenMatrix;boneMatrix
base/distortwigglestatic.ssh,2,0x0000a0f8,3072,pixel,5_0,bbd486afbde29077780bb449be95dc54bed8e7dcb6ba17cde7125080b10f9c6e,objectToScreenMatrix;boneMatrix
base/distortwigglestatic.ssh,3,0x0000aec4,3232,vertex,5_0,5617a569fffa9fa816ccb1cc7c34f77976e5861980bbb36223ff198972a61c02,objectToScreenMatrix;boneMatrix
base/distortwigglestatic.ssh,4,0x0000bca7,2548,pixel,5_0,c771b7b58160a2804567ba609f72dc31de2850a581af44fd55141566516320ff,objectToScreenMatrix;boneMatrix;baseMap
base/editor/editorinvert.ssh,1,0x00000f62,956,vertex,5_0,880049291c37393b75c4e0e2c2ce7e354a22a163f320849fac531266554af14a,objectToScreenMatrix
base/editorbasic.ssh,1,0x00000c64,928,vertex,5_0,3e03e5b2fe9380e0b45875d05726757fd0e61207d1508910221c6132a3cad0df,objectToScreenMatrix
base/editorhighlight.ssh,1,0x000007a5,928,vertex,5_0,74ec2c2ba132efb3b501be85be5bfffe3b82abb68f6104d7c7768747979874c2,objectToScreenMatrix
base/editorinvert.ssh,1,0x00000f5f,956,vertex,5_0,880049291c37393b75c4e0e2c2ce7e354a22a163f320849fac531266554af14a,objectToScreenMatrix
base/effects/bark.ssh,1,0x0001aa79,2752,vertex,5_0,c350e95e0b72546dd1c77c2d964175c9d08a5d828084cd5e9c82f5aa2863432e,worldToShadowMatrix;shadowBluriness;objectToScreenMatrix
base/effects/bark.ssh,2,0x0001b64b,2244,pixel,5_0,00ece9a6e44899761b698d6464d081d5d74f6a9a812a8cfbde3bb52243321360,worldToShadowMatrix;shadowBluriness;objectToScreenMatrix
base/effects/bark.ssh,3,0x0001c02b,2672,vertex,5_0,383897708fc53f2fca3dd0f43ecd48ca4cb09be81938ca5c9a17bbf6bb0cfdb2,worldToShadowMatrix;shadowBluriness;objectToScreenMatrix
base/effects/bark.ssh,4,0x0001cbad,3088,pixel,5_0,ef4ebe8f3ca823a89d1275abec09945fc1222fb2f043ef4e7483ad8b92cab5d7,worldToShadowMatrix;shadowBluriness;objectToScreenMatrix
base/effects/bark.ssh,5,0x0001d8d9,3500,vertex,5_0,cf9a07fe4709fdd9a78635d5b39b1f6a9f39dd94a87dd9df2ab41632ec2528a2,worldToShadowMatrix;shadowBluriness;objectToScreenMatrix
base/effects/bark.ssh,6,0x0001e797,3916,pixel,5_0,fb0a49d5af0a68e53f3c0084e9094881425674084e8780fb403be8606e607eb6,worldToShadowMatrix;shadowBluriness;objectToScreenMatrix
base/effects/bark.ssh,7,0x0001f7f7,2012,vertex,5_0,3ea33b9a6000d6d710b83e70cf5857e80409b33f865f2fab3f83674507ecf464,worldToShadowMatrix;shadowBluriness;objectToScreenMatrix
base/effects/bark.ssh,9,0x00020365,2732,vertex,5_0,829f08311bc03895d672211fd4ceb64e0d1dfa9d3b9e49923ed139a2a1ef5eda,worldToShadowMatrix;shadowBluriness;objectToScreenMatrix
base/effects/bark.ssh,10,0x00020f33,2352,pixel,5_0,bea3ce8b5272ada38f1255d640784ae214548da0a45c9317bc99ba50ae5a948f,worldToShadowMatrix;shadowBluriness;objectToScreenMatrix;baseMap
base/effects/chaos.ssh,1,0x000010c5,1060,vertex,5_0,1fcc0d1b7a200812e3eff2cdabd254845df005aa3f498e92792724c04fbae3fe,objectToScreenMatrix
base/effects/decaladditive.ssh,1,0x00000cf5,1128,vertex,5_0,aabc07cf3a2601e59f24619f65b66cade41cf901b516ed3aae09dd03b381b994,objectToScreenMatrix
base/effects/decalbump.ssh,1,0x000025ea,1572,vertex,5_0,b1ca6b476ef84be21b50a2fc615330cbefa416ad53b6b5994521ccbb6328a69c,objectToScreenMatrix
base/effects/foliage.ssh,1,0x00017250,2596,vertex,5_0,a1dcf39c34192d829e96ba96185c0645572502fe7daabdcd51eae80ece065e33,worldToShadowMatrix;shadowBluriness;objectToScreenMatrix
base/effects/foliage.ssh,3,0x000180d6,2404,vertex,5_0,a4051f18fc7be7a9e363a9219ffaff629c6c90c0d54acf6d705521b1b417773f,worldToShadowMatrix;shadowBluriness;objectToScreenMatrix
base/effects/foliage.ssh,4,0x00018b3c,2336,pixel,5_0,4e810f6679c9bbd7c4d9795ac8b9deb41bc2f5121c8e97188f0e938e6241626a,worldToShadowMatrix;shadowBluriness;objectToScreenMatrix
base/effects/foliageshadowonly.ssh,1,0x00003272,2204,vertex,5_0,300058f5fda5003af5915842c6bdcb23d66cb22facc66b9357b616f771e9a7c4,worldToShadowMatrix;shadowBluriness;objectToScreenMatrix
base/effects/foliageshadowonly.ssh,2,0x00003c0a,2380,vertex,5_0,9fbd95537fb9e2948eff9e52d3f2f2fd43fbfcc9172f8b20cae5cd2e293e0ef2,worldToShadowMatrix;shadowBluriness;objectToScreenMatrix
base/effects/foliaget.ssh,1,0x0001dcfe,2728,vertex,5_0,e1fdc4631b877ce7ea02caac032254178b0a74ebb693f188673528a1b6a5e604,worldToShadowMatrix;shadowBluriness;objectToScreenMatrix
base/effects/foliaget.ssh,2,0x0001e8f8,2208,pixel,5_0,d38030309afd0ce71290bef08dff6e9eae02035b74dafb2dc58d5eee0862fe18,worldToShadowMatrix;shadowBluriness;objectToScreenMatrix
base/effects/foliaget.ssh,3,0x0001f304,3152,vertex,5_0,2bbc5663edffc3a86e8a457045c011f8d1383fad160d8a2d0db159cc4b862b85,worldToShadowMatrix;shadowBluriness;objectToScreenMatrix
base/effects/foliaget.ssh,4,0x000200a6,3248,pixel,5_0,c969605f2fc78cd14297fc7d6981bce3975095c759e4eff60bf668d1512e5600,worldToShadowMatrix;shadowBluriness;objectToScreenMatrix
base/effects/foliaget.ssh,5,0x00020ea2,3228,pixel,5_0,4bf136906ae373d729e1f40ffc9430d8858bf0598b000d3a5c632fa3258e8350,worldToShadowMatrix;shadowBluriness;objectToScreenMatrix
base/effects/foliaget.ssh,6,0x00021d02,3508,vertex,5_0,2503606760d3f9ca16e855fe79e6cfeb33afbc13481e12ff73ba4f3779a7fd81,worldToShadowMatrix;shadowBluriness;objectToScreenMatrix
base/effects/foliaget.ssh,7,0x00022c08,3028,pixel,5_0,7ac8b9829ba9b56d57c5560b21f6b51718c5ee1b5b3f1a1f022cc25a42e9f95e,worldToShadowMatrix;shadowBluriness;objectToScreenMatrix
base/effects/foliaget.ssh,8,0x00023928,3008,pixel,5_0,b93a5b303f7b5d5b8658c38626b6c826ba48e48fbc4d60dc960ab1ead759dfa7,worldToShadowMatrix;shadowBluriness;objectToScreenMatrix
base/effects/foliaget.ssh,9,0x000246a4,2924,vertex,5_0,cc20c0a08d2a780565bd57dbeaad17abcf05f9b9ee155db4e48805f47fb71175,worldToShadowMatrix;shadowBluriness;objectToScreenMatrix
base/effects/foliaget.ssh,11,0x000256d2,2532,vertex,5_0,e2c7b11c2f355ff2c99be602826b8e8ce88586b3bb04a17aad47f6b54c89a0fc,worldToShadowMatrix;shadowBluriness;objectToScreenMatrix
base/effects/foliaget.ssh,13,0x00026548,2236,vertex,5_0,40f1bf4f8d6696d5464a45f01ba676089f9f4471b7e55c5c5bb370dd1f9ac9cc,worldToShadowMatrix;shadowBluriness;objectToScreenMatrix
base/effects/trailadditive.ssh,1,0x00000e5a,1060,vertex,5_0,1fcc0d1b7a200812e3eff2cdabd254845df005aa3f498e92792724c04fbae3fe,objectToScreenMatrix
base/effects/trailaddsmooth.ssh,1,0x00000eba,1060,vertex,5_0,1fcc0d1b7a200812e3eff2cdabd254845df005aa3f498e92792724c04fbae3fe,objectToScreenMatrix
base/foliaget.ssh,1,0x00017250,2596,vertex,5_0,a1dcf39c34192d829e96ba96185c0645572502fe7daabdcd51eae80ece065e33,worldToShadowMatrix;shadowBluriness;objectToScreenMatrix
base/foliaget.ssh,3,0x000180d6,2404,vertex,5_0,a4051f18fc7be7a9e363a9219ffaff629c6c90c0d54acf6d705521b1b417773f,worldToShadowMatrix;shadowBluriness;objectToScreenMatrix
base/foliaget.ssh,4,0x00018b3c,2336,pixel,5_0,4e810f6679c9bbd7c4d9795ac8b9deb41bc2f5121c8e97188f0e938e6241626a,worldToShadowMatrix;shadowBluriness;objectToScreenMatrix
base/foliagett.ssh,1,0x0001dcfe,2728,vertex,5_0,e1fdc4631b877ce7ea02caac032254178b0a74ebb693f188673528a1b6a5e604,worldToShadowMatrix;shadowBluriness;objectToScreenMatrix
base/foliagett.ssh,2,0x0001e8f8,2208,pixel,5_0,d38030309afd0ce71290bef08dff6e9eae02035b74dafb2dc58d5eee0862fe18,worldToShadowMatrix;shadowBluriness;objectToScreenMatrix
base/foliagett.ssh,3,0x0001f304,3152,vertex,5_0,2bbc5663edffc3a86e8a457045c011f8d1383fad160d8a2d0db159cc4b862b85,worldToShadowMatrix;shadowBluriness;objectToScreenMatrix
base/foliagett.ssh,4,0x000200a6,3248,pixel,5_0,c969605f2fc78cd14297fc7d6981bce3975095c759e4eff60bf668d1512e5600,worldToShadowMatrix;shadowBluriness;objectToScreenMatrix
base/foliagett.ssh,5,0x00020ea2,3228,pixel,5_0,4bf136906ae373d729e1f40ffc9430d8858bf0598b000d3a5c632fa3258e8350,worldToShadowMatrix;shadowBluriness;objectToScreenMatrix
base/foliagett.ssh,6,0x00021d02,3508,vertex,5_0,2503606760d3f9ca16e855fe79e6cfeb33afbc13481e12ff73ba4f3779a7fd81,worldToShadowMatrix;shadowBluriness;objectToScreenMatrix
base/foliagett.ssh,7,0x00022c08,3028,pixel,5_0,7ac8b9829ba9b56d57c5560b21f6b51718c5ee1b5b3f1a1f022cc25a42e9f95e,worldToShadowMatrix;shadowBluriness;objectToScreenMatrix
base/foliagett.ssh,8,0x00023928,3008,pixel,5_0,b93a5b303f7b5d5b8658c38626b6c826ba48e48fbc4d60dc960ab1ead759dfa7,worldToShadowMatrix;shadowBluriness;objectToScreenMatrix
base/foliagett.ssh,9,0x000246a4,2924,vertex,5_0,cc20c0a08d2a780565bd57dbeaad17abcf05f9b9ee155db4e48805f47fb71175,worldToShadowMatrix;shadowBluriness;objectToScreenMatrix
base/foliagett.ssh,11,0x000256d2,2532,vertex,5_0,e2c7b11c2f355ff2c99be602826b8e8ce88586b3bb04a17aad47f6b54c89a0fc,worldToShadowMatrix;shadowBluriness;objectToScreenMatrix
base/foliagett.ssh,13,0x00026548,2236,vertex,5_0,40f1bf4f8d6696d5464a45f01ba676089f9f4471b7e55c5c5bb370dd1f9ac9cc,worldToShadowMatrix;shadowBluriness;objectToScreenMatrix
base/fow.ssh,1,0x000026ae,960,vertex,5_0,d2ab1dc7976775ae8acb4471160388d55c08655359eedeb3d508af812db3a2b7,objectToScreenMatrix
base/grass.ssh,1,0x00017482,2704,vertex,5_0,ae295f6c2a732d91238e99bae17102c9e41dafebbbcad073d4815abde0563502,objectToScreenMatrix
base/grass.ssh,3,0x00018493,2488,vertex,5_0,1175148f07a85bc1ab1b5996b1f3bdd5b6b3166f696eec5ad5f70865857813c2,objectToScreenMatrix
base/grass.ssh,4,0x00018f3c,2128,pixel,5_0,ebb2befbe477a3c5d7dd0579d341a05c8fe2a33c8fece8d976e2c95d146b61b1,objectToScreenMatrix
base/iridescentskinned.ssh,1,0x00020952,4240,vertex,5_0,ece93841d0a9937a0c9a125d5463dc0f6a7ddf178daca9b0929a03d82c427b73,worldToShadowMatrix;shadowBluriness;objectToScreenMatrix;boneMatrix
base/iridescentskinned.ssh,2,0x00021af6,3488,pixel,5_0,70aa50aeb4cbf51af2252093c75de0e8a92181b3330605087bc7a283d8ad9429,worldToShadowMatrix;shadowBluriness;objectToScreenMatrix;boneMatrix
base/iridescentskinned.ssh,3,0x000229b2,4672,vertex,5_0,0b129e69dfaa16ca7908203b9b6f2198881c32f29cd885f6514410ef5a8b30af,worldToShadowMatrix;shadowBluriness;objectToScreenMatrix;boneMatrix
base/iridescentskinned.ssh,4,0x00023d06,4016,pixel,5_0,d7b686f22af3a7d4696bf3ef60bd88eff54f9eb265259a28f89742542f2f487d,worldToShadowMatrix;shadowBluriness;objectToScreenMatrix;boneMatrix
base/iridescentskinned.ssh,5,0x00024de2,2832,vertex,5_0,a56d83e2f752f2c178f30bc15e4b11861796981db949f8a502522b8450c37e74,worldToShadowMatrix;shadowBluriness;objectToScreenMatrix;boneMatrix
base/iridescentskinned.ssh,7,0x00025c6e,3908,vertex,5_0,523de79a1cf0c4057ee5786e9caf5b2474924d53b968a51da6bc8ce747dcf96c,worldToShadowMatrix;shadowBluriness;objectToScreenMatrix;boneMatrix
base/iridescentskinned.ssh,8,0x00026cd6,2392,pixel,5_0,8237616375a5a7725c4ef7257f26b382a2eb098b9b08a700a229e924c2a7bf66,worldToShadowMatrix;shadowBluriness;objectToScreenMatrix;boneMatrix;baseMap
base/iridescentstatic.ssh,1,0x0001a81e,3104,vertex,5_0,f44e94d69b06b114ded57015cf468aa74724ea6e4be740f131c1abffc2d1e1fd,worldToShadowMatrix;shadowBluriness;objectToScreenMatrix;boneMatrix
base/iridescentstatic.ssh,2,0x0001b550,3488,pixel,5_0,70aa50aeb4cbf51af2252093c75de0e8a92181b3330605087bc7a283d8ad9429,worldToShadowMatrix;shadowBluriness;objectToScreenMatrix;boneMatrix
base/iridescentstatic.ssh,3,0x0001c40c,3544,vertex,5_0,03d4079cb81cfc29a1b452c3edcccf0f557dffdf9ef688ed1f2927561148a20d,worldToShadowMatrix;shadowBluriness;objectToScreenMatrix;boneMatrix
base/iridescentstatic.ssh,4,0x0001d2f6,4016,pixel,5_0,d7b686f22af3a7d4696bf3ef60bd88eff54f9eb265259a28f89742542f2f487d,worldToShadowMatrix;shadowBluriness;objectToScreenMatrix;boneMatrix
base/iridescentstatic.ssh,5,0x0001e3d2,2056,vertex,5_0,f26b59fc6b01c2732c058bc6989ccf78b15de004ab8e75cab7866b44c3f88967,worldToShadowMatrix;shadowBluriness;objectToScreenMatrix;boneMatrix
base/iridescentstatic.ssh,7,0x0001ef54,2772,vertex,5_0,8960ffe9d700e8875c114a7f435493f20740527650d563c5234d29b445c766c9,worldToShadowMatrix;shadowBluriness;objectToScreenMatrix;boneMatrix
base/iridescentstatic.ssh,8,0x0001fb4a,2392,pixel,5_0,8237616375a5a7725c4ef7257f26b382a2eb098b9b08a700a229e924c2a7bf66,worldToShadowMatrix;shadowBluriness;objectToScreenMatrix;boneMatrix;baseMap
base/minimap/minimapentity.ssh,1,0x000024e4,1948,vertex,5_0,23e719b7a8230906c48fc6019ed3b9ddae2a2b704ba9eedc5e846f86a5662884,objectToScreenMatrix
base/minimap/minimapterrain.ssh,1,0x00002a9e,1532,vertex,5_0,8b7674b136765f2e8a710933f0051c2f77e91032175863a56c8134ea29a94ef9,objectToScreenMatrix
base/minimap/minimapterrain.ssh,2,0x00003118,1812,pixel,5_0,0fd11c1b0b14b4e1aeca52dc5ab3bce33da8c93fdffb24d9b621cc8829781f2c,objectToScreenMatrix
base/multiplyscrollskinned.ssh,1,0x00003b5c,2660,vertex,5_0,1e3205e658f6b7aa9f6a04450a059c3076cd7ea884acb63f4f64e2708d373cd1,objectToScreenMatrix;boneMatrix
base/multiplyscrollstatic.ssh,1,0x00003010,1884,vertex,5_0,3d93f70ccce72c0b682212a9ee3aba6565318c2ba24f7fa0ef7aa6b53680ef27,objectToScreenMatrix;boneMatrix
base/multiplyscrollvertexcolorskinned.ssh,1,0x00003cdc,2732,vertex,5_0,cf72bd1326663ad2a26f9a196385a07bad2315a7dd8cf149c1c0e0db4638a7ee,objectToScreenMatrix;boneMatrix
base/multiplyscrollvertexcolorstatic.ssh,1,0x000031d8,1952,vertex,5_0,33008d661f200d7b27b56d3ea36da7d8b897940a4d2660a660251c0ad118e367,objectToScreenMatrix;boneMatrix
base/multiplyscrollwiggleskinned.ssh,1,0x000053d4,2964,vertex,5_0,15510e31ac56f0a622c78ba0bce5a552f21f633e8328ca566efb94e3994da297,objectToScreenMatrix;boneMatrix
base/multiplyscrollwigglestatic.ssh,1,0x00004810,2184,vertex,5_0,78768b8c955a8904f3827ef2f548e42de7ce3a574eca452c78112f775a2fde8f,objectToScreenMatrix;boneMatrix
base/overlay.ssh,1,0x00000f62,960,vertex,5_0,e08079568e6daded2f16c43608c7c0a3626a7c74bee65c75f6950e9d22e9bed6,objectToScreenMatrix
base/particle/particleadditive.ssh,1,0x00003f26,2912,vertex,5_0,8779cc307d398d58a16249e32de6d2a2df44c07a1650118ea5d269706eda7c55,objectToScreenMatrix
base/particle/particleadditive.ssh,2,0x00004b08,1736,pixel,5_0,8b0d003d53c28605f313bc9a583821912376f3c0e86fe8bb1defaec5c21a9551,objectToScreenMatrix
base/particle/particleadditivesmooth.ssh,1,0x00003f86,2912,vertex,5_0,8779cc307d398d58a16249e32de6d2a2df44c07a1650118ea5d269706eda7c55,objectToScreenMatrix
base/particle/particleadditivesmooth.ssh,2,0x00004b68,1824,pixel,5_0,5e8cab108b1434cc57d97d1cd4664b20a41e982e2374958d1e61769c5fcdd782,objectToScreenMatrix
base/particle/particlecombine.ssh,1,0x00004a28,3012,vertex,5_0,adacaafba94ef1de07d5ef755f2c0d66659e92f8f2641b5f8d7a98608af683e1,objectToScreenMatrix
base/particle/particlecombine.ssh,2,0x0000567e,1836,pixel,5_0,493848be4cf41c6ff77b175bfa37440184af1d2cbbf0a07e252a060560de0b55,objectToScreenMatrix
base/particle/particlecombine.ssh,3,0x00005e36,1556,pixel,5_0,7d0ccc40420c0c278965e5afa27b44cbff2d6c0ea0fc0b7af9901589ea90c3a1,objectToScreenMatrix
base/particle/particledistort.ssh,1,0x00004b30,3268,vertex,5_0,574c349bb2a6cbb2e62678ab3fd75da7f38ea1de35720e9e7e6eeea196ba09c7,objectToScreenMatrix
base/particle/particledistort.ssh,2,0x00005886,2808,pixel,5_0,c4c13242064aadcf40902f23efe54a5231ae8f7deada1d5b33aeeb45fc17ce05,objectToScreenMatrix
base/particle/particledistortadditive.ssh,1,0x00004aa0,3268,vertex,5_0,574c349bb2a6cbb2e62678ab3fd75da7f38ea1de35720e9e7e6eeea196ba09c7,objectToScreenMatrix
base/particle/particledistortadditive.ssh,2,0x000057f6,2720,pixel,5_0,36cead348873fe52ae575111102027a6ea41e157f88880177f90d2bffb991e96,objectToScreenMatrix
base/pieces/lightmap.ssh,2,0x00000369,4092,pixel,5_0,95f0a104c855ad5c45e82559bb237da8d3c62bbac67db53385e19ca2b7411772,worldToShadowMatrix;shadowBluriness
base/pieces/lightmap.ssh,3,0x00001401,2816,pixel,5_0,f7b6f8041abf2bf6a3d9b7c0a4b668a774e6700f465409359bd7c8198a0a4b31,worldToShadowMatrix;shadowBluriness
base/pieces/lightmap.ssh,4,0x00001f9d,4080,pixel,5_0,92b5f78535efe5a2c4eeb73b981badebaedf2f48dfcb76fcaeee6419ba87fede,worldToShadowMatrix;shadowBluriness
base/pieces/lightmap.ssh,5,0x00003029,2984,pixel,5_0,ac0b8a38404afbb21ed08de6e264d7697fd20ea50a2aa12799878e0e7ad9d570,worldToShadowMatrix;shadowBluriness
base/pieces/shadow.ssh,1,0x00001fd9,1520,vertex,5_0,ff5fab0e4f3ff59631971ed18dd00ff37b142493ac251476e3ae1905fb57d2e9,objectToScreenMatrix;boneMatrix
base/pieces/shadow.ssh,2,0x00002668,2296,vertex,5_0,e9362d9efa37e02f5ea34349d6321c924acee01c496331a4f1bac999fb440b96,objectToScreenMatrix;boneMatrix
base/pieces/shadow.ssh,3,0x00003001,1520,vertex,5_0,ff5fab0e4f3ff59631971ed18dd00ff37b142493ac251476e3ae1905fb57d2e9,objectToScreenMatrix;boneMatrix
base/pieces/shadow.ssh,4,0x00003690,1696,vertex,5_0,663231e281f26477ae61d79bb4350987f9b8690566f798be95e448605836217e,objectToScreenMatrix;boneMatrix
base/pieces/shadow.ssh,5,0x00003dcf,2472,vertex,5_0,6670a61ba8c9cc38c22fe41ae883a9c07f91944d57442a6f833c4173ab1868fa,objectToScreenMatrix;boneMatrix
base/pieces/shadow.ssh,6,0x00004818,1696,vertex,5_0,663231e281f26477ae61d79bb4350987f9b8690566f798be95e448605836217e,objectToScreenMatrix;boneMatrix
base/pieces/shadow.ssh,7,0x00004ec7,764,pixel,5_0,c5d8cfaffa837578382f7a93087e006e6a00c0b3be2f978a94cee07e2e4fd262,baseMap
base/portalmask.ssh,1,0x00001aba,960,vertex,5_0,e08079568e6daded2f16c43608c7c0a3626a7c74bee65c75f6950e9d22e9bed6,objectToScreenMatrix
base/standardblendedglowscrollskinned.ssh,1,0x000258dd,3972,vertex,5_0,3b292633a1caeba15784cb603fcddf26f3cf680ab32bf17b2f5dae901a199f9f,worldToShadowMatrix;shadowBluriness;objectToScreenMatrix;boneMatrix
base/standardblendedglowscrollskinned.ssh,2,0x000269a5,2504,pixel,5_0,ca56ad1782bb102cfeca05df8b5662de5f3d3aefeb2cd5fd3aa17da21a7a286d,worldToShadowMatrix;shadowBluriness;objectToScreenMatrix;boneMatrix
base/standardblendedglowscrollskinned.ssh,3,0x000274c9,4132,vertex,5_0,8bab6a763c04d404622410f9ad6ce8ccc275917e7284fcad27430928039cea6e,worldToShadowMatrix;shadowBluriness;objectToScreenMatrix;boneMatrix
base/standardblendedglowscrollskinned.ssh,4,0x00028631,3492,pixel,5_0,03d182bbfdf1172c59278462e77eaef1e0f06fe240fa0d51982abcf22c1104ec,worldToShadowMatrix;shadowBluriness;objectToScreenMatrix;boneMatrix
base/standardblendedglowscrollskinned.ssh,5,0x00029561,4952,vertex,5_0,5fbef08f50c7101a7bb9d3c9504d1eea053732eecbc4c7c1e9a61ddb5a6226dc,worldToShadowMatrix;shadowBluriness;objectToScreenMatrix;boneMatrix
base/standardblendedglowscrollskinned.ssh,6,0x0002a9fd,4376,pixel,5_0,a57944c2a67c6216cde6e3801cae30e87d2b108da66e47f9fc5c279cc31fd753,worldToShadowMatrix;shadowBluriness;objectToScreenMatrix;boneMatrix
base/standardblendedglowscrollskinned.ssh,7,0x0002bc59,3048,vertex,5_0,57b41a0f5c5a14c9b06ca5e03a5e7797a96e60668744afcd277e9ad9774336b8,worldToShadowMatrix;shadowBluriness;objectToScreenMatrix;boneMatrix
base/standardblendedglowscrollskinned.ssh,9,0x0002cc05,4188,vertex,5_0,c52c96c65e55b6018d1d149b097fe7692f98837bc4c8ba4216de81f8110b1de4,worldToShadowMatrix;shadowBluriness;objectToScreenMatrix;boneMatrix
base/standardblendedglowscrollskinned.ssh,10,0x0002ddb5,2608,pixel,5_0,7552313e352f2430405f24e84635a4822eac98171c413a41c9fbc6ebad5aeceb,worldToShadowMatrix;shadowBluriness;objectToScreenMatrix;boneMatrix;baseMap
base/standardblendedglowscrollstatic.ssh,1,0x0001d83d,2976,vertex,5_0,7af70b82aa7accc7c59c6fe6cb59e7b679b723cfbe71966eb595925b9c041a27,worldToShadowMatrix;shadowBluriness;objectToScreenMatrix
base/standardblendedglowscrollstatic.ssh,2,0x0001e50f,2404,pixel,5_0,05b1abbbf511f12f20c8a1b320d3732f9019068a86f29661bbbc610fbf4971f2,worldToShadowMatrix;shadowBluriness;objectToScreenMatrix
base/standardblendedglowscrollstatic.ssh,3,0x0001efbf,2896,vertex,5_0,96032351f106719d907769b3cd86d5eca806fac8ece48295338beadc137813dd,worldToShadowMatrix;shadowBluriness;objectToScreenMatrix
base/standardblendedglowscrollstatic.ssh,4,0x0001fc41,3392,pixel,5_0,248fb2872365d3fd83518bbb1ac84f8029ca0ef84711097f5182018852f7d2e6,worldToShadowMatrix;shadowBluriness;objectToScreenMatrix
base/standardblendedglowscrollstatic.ssh,5,0x00020afd,3724,vertex,5_0,54e8a7fe0247b03d817a294ca4c42000fde27c27b38e9372aba8570c6036af66,worldToShadowMatrix;shadowBluriness;objectToScreenMatrix
base/standardblendedglowscrollstatic.ssh,6,0x00021abb,4276,pixel,5_0,c943b131b2dea53c11f6c4a599ee4379da57ae0cf9f01ff301a804cf3a27a587,worldToShadowMatrix;shadowBluriness;objectToScreenMatrix
base/standardblendedglowscrollstatic.ssh,7,0x00022ca3,2172,vertex,5_0,ba3ed3e4adb613e046b74cf56ef0c4fcc630994c04eaa859c7d9e0f2db573a30,worldToShadowMatrix;shadowBluriness;objectToScreenMatrix
base/standardblendedglowscrollstatic.ssh,9,0x000238d1,2956,vertex,5_0,3f5c6a3d65fc72042a18ae4ef7146d338532fc5f118dcda5844b0198d2ddbb67,worldToShadowMatrix;shadowBluriness;objectToScreenMatrix
base/standardblendedglowscrollstatic.ssh,10,0x0002459f,2512,pixel,5_0,c96b9eb7490155df464d0e67704e361010638065927b6e541aeb63d5d27b859d,worldToShadowMatrix;shadowBluriness;objectToScreenMatrix;baseMap
base/standardblendedglowskinned.ssh,1,0x00024679,3812,vertex,5_0,f9df4645d8b330fab73c3c5ec6639e19c4e15f2ec5a9c425532433ccac00613d,worldToShadowMatrix;shadowBluriness;objectToScreenMatrix;boneMatrix
base/standardblendedglowskinned.ssh,2,0x00025691,2408,pixel,5_0,2701956c777b9bdfd173a7a5b7390a8c0e8b7f8e85dcc50a3cf09fc7f070c5da,worldToShadowMatrix;shadowBluriness;objectToScreenMatrix;boneMatrix
base/standardblendedglowskinned.ssh,3,0x00026145,3972,vertex,5_0,d5aaad66e16c39d28ed7fcbc45be3a91aa4f751c4594b878cae2c875692b52e1,worldToShadowMatrix;shadowBluriness;objectToScreenMatrix;boneMatrix
base/standardblendedglowskinned.ssh,4,0x000271fd,3496,pixel,5_0,55339228070672e562bc9dc7a160f915bc25795c198612f425db8343ac6e8ec1,worldToShadowMatrix;shadowBluriness;objectToScreenMatrix;boneMatrix
base/standardblendedglowskinned.ssh,5,0x00028121,4792,vertex,5_0,3ccf1318fc80239814e127817cf751c37ef3172563950e20515b8256ca31d243,worldToShadowMatrix;shadowBluriness;objectToScreenMatrix;boneMatrix
base/standardblendedglowskinned.ssh,6,0x0002950d,4280,pixel,5_0,f5546dffaf6a1dba560490ea7f4d7eee5816e780e89c0841f6d804598b81fdcc,worldToShadowMatrix;shadowBluriness;objectToScreenMatrix;boneMatrix
base/standardblendedglowskinned.ssh,7,0x0002a6f9,2952,vertex,5_0,0c2be9e8aebf9fd05004668f60863e2bdbee6bc5a903dd860379b0c7436e2cfe,worldToShadowMatrix;shadowBluriness;objectToScreenMatrix;boneMatrix
base/standardblendedglowskinned.ssh,9,0x0002b635,4028,vertex,5_0,a24883ef2a4c95363dea7704a8be891efdfbeee93bb10a26b11400fb0443b884,worldToShadowMatrix;shadowBluriness;objectToScreenMatrix;boneMatrix
base/standardblendedglowskinned.ssh,10,0x0002c735,2512,pixel,5_0,f018c195f04c987a495bea3eacd62f939da12740eac45e6e6a05e2422d855cf0,worldToShadowMatrix;shadowBluriness;objectToScreenMatrix;boneMatrix;baseMap
base/standardblendedglowskinnedfade.ssh,1,0x00024679,3812,vertex,5_0,f9df4645d8b330fab73c3c5ec6639e19c4e15f2ec5a9c425532433ccac00613d,worldToShadowMatrix;shadowBluriness;objectToScreenMatrix;boneMatrix
base/standardblendedglowskinnedfade.ssh,2,0x00025691,2408,pixel,5_0,2701956c777b9bdfd173a7a5b7390a8c0e8b7f8e85dcc50a3cf09fc7f070c5da,worldToShadowMatrix;shadowBluriness;objectToScreenMatrix;boneMatrix
base/standardblendedglowskinnedfade.ssh,3,0x00026145,3972,vertex,5_0,d5aaad66e16c39d28ed7fcbc45be3a91aa4f751c4594b878cae2c875692b52e1,worldToShadowMatrix;shadowBluriness;objectToScreenMatrix;boneMatrix
base/standardblendedglowskinnedfade.ssh,4,0x000271fd,3496,pixel,5_0,55339228070672e562bc9dc7a160f915bc25795c198612f425db8343ac6e8ec1,worldToShadowMatrix;shadowBluriness;objectToScreenMatrix;boneMatrix
base/standardblendedglowskinnedfade.ssh,5,0x00028121,4792,vertex,5_0,3ccf1318fc80239814e127817cf751c37ef3172563950e20515b8256ca31d243,worldToShadowMatrix;shadowBluriness;objectToScreenMatrix;boneMatrix
base/standardblendedglowskinnedfade.ssh,6,0x0002950d,4280,pixel,5_0,f5546dffaf6a1dba560490ea7f4d7eee5816e780e89c0841f6d804598b81fdcc,worldToShadowMatrix;shadowBluriness;objectToScreenMatrix;boneMatrix
base/standardblendedglowskinnedfade.ssh,7,0x0002a6f9,2952,vertex,5_0,0c2be9e8aebf9fd05004668f60863e2bdbee6bc5a903dd860379b0c7436e2cfe,worldToShadowMatrix;shadowBluriness;objectToScreenMatrix;boneMatrix
base/standardblendedglowskinnedfade.ssh,9,0x0002b635,4028,vertex,5_0,a24883ef2a4c95363dea7704a8be891efdfbeee93bb10a26b11400fb0443b884,worldToShadowMatrix;shadowBluriness;objectToScreenMatrix;boneMatrix
base/standardblendedglowskinnedfade.ssh,10,0x0002c735,2512,pixel,5_0,f018c195f04c987a495bea3eacd62f939da12740eac45e6e6a05e2422d855cf0,worldToShadowMatrix;shadowBluriness;objectToScreenMatrix;boneMatrix;baseMap
base/standardblendedglowstatic.ssh,1,0x0001c5d9,2816,vertex,5_0,20b9a86405e369bcc2b6c4f4dd29dbded80ee8aa2e38495b06aa9779ab3a97ee,worldToShadowMatrix;shadowBluriness;objectToScreenMatrix
base/standardblendedglowstatic.ssh,2,0x0001d1fb,2308,pixel,5_0,776c170c8dc2941586ae14f92366bb82b979dd33683c0f4de4bf9d95c20047e9,worldToShadowMatrix;shadowBluriness;objectToScreenMatrix
base/standardblendedglowstatic.ssh,3,0x0001dc3b,2736,vertex,5_0,d67958a6d1aef06ea6413972fb264d61d918355c54bf9057fe8765e73216abdb,worldToShadowMatrix;shadowBluriness;objectToScreenMatrix
base/standardblendedglowstatic.ssh,4,0x0001e80d,3396,pixel,5_0,0e002d0a83d3a38a867be6259e129221d3ebe67c26ff54d047844b52ba263258,worldToShadowMatrix;shadowBluriness;objectToScreenMatrix
base/standardblendedglowstatic.ssh,5,0x0001f6bd,3564,vertex,5_0,7a89c3b2ee4065486c454980d1ed44e3965b42c9af2e59de12b8aa1738762845,worldToShadowMatrix;shadowBluriness;objectToScreenMatrix
base/standardblendedglowstatic.ssh,6,0x000205cb,4180,pixel,5_0,bdf347220a18dfde9f2bde7b1b638fbf144d0fb04703ce9deb27e53644ba3a3b,worldToShadowMatrix;shadowBluriness;objectToScreenMatrix
base/standardblendedglowstatic.ssh,7,0x00021743,2076,vertex,5_0,d550134396338e21d80c5000c67a900865b2599f03d95cc9a5878b16752851de,worldToShadowMatrix;shadowBluriness;objectToScreenMatrix
base/standardblendedglowstatic.ssh,9,0x00022301,2796,vertex,5_0,3d89c6a16cf1e4557c4800e605548ed75e528e95b730f06a8d71dce22db29d46,worldToShadowMatrix;shadowBluriness;objectToScreenMatrix
base/standardblendedglowstatic.ssh,10,0x00022f1f,2416,pixel,5_0,aa5647caa3a3ca1ce846f38d3439ca3abb8cdfd471b20302508bc77a157f7ffe,worldToShadowMatrix;shadowBluriness;objectToScreenMatrix;baseMap
base/standardblendedglowwiggleskinned.ssh,1,0x0003005d,4472,vertex,5_0,46089b3a8f67bc56b63c7928e7e40a28fd4bdcac25dca57ef1ca2a04eb8b7a25,worldToShadowMatrix;shadowBluriness;objectToScreenMatrix;boneMatrix
base/standardblendedglowwiggleskinned.ssh,2,0x0003136a,2740,pixel,5_0,3207e4600bcc79e3b5117689782e6c5cc835cb1ff4572912c781fdaa87d4798d,worldToShadowMatrix;shadowBluriness;objectToScreenMatrix;boneMatrix
base/standardblendedglowwiggleskinned.ssh,3,0x00031fca,4632,vertex,5_0,a947d8e52373ac1f49f69fbf83a3d4db7be319f7c87b3b43231cdd464867563a,worldToShadowMatrix;shadowBluriness;objectToScreenMatrix;boneMatrix
base/standardblendedglowwiggleskinned.ssh,4,0x00033377,3828,pixel,5_0,b3709c885cd04dd287816f9706de309a471ae7ec027babb1f9d88fd6513bb748,worldToShadowMatrix;shadowBluriness;objectToScreenMatrix;boneMatrix
base/standardblendedglowwiggleskinned.ssh,5,0x00034447,5452,vertex,5_0,66bd23d600583dd07da00821ee2688415bd44dd3def8f666cdd91c64bbd2c2c5,worldToShadowMatrix;shadowBluriness;objectToScreenMatrix;boneMatrix
base/standardblendedglowwiggleskinned.ssh,6,0x00035b28,4612,pixel,5_0,738e8841291c0d4e97b56034cf146eb3923144e04b6848820f432a4baec6c8d9,worldToShadowMatrix;shadowBluriness;objectToScreenMatrix;boneMatrix
base/standardblendedglowwiggleskinned.ssh,7,0x00036ec0,3612,vertex,5_0,f1598d9eb0245e78bc6e8b8efb09121414600da4b10b92661d6019d26f995ce9,worldToShadowMatrix;shadowBluriness;objectToScreenMatrix;boneMatrix
base/standardblendedglowwiggleskinned.ssh,9,0x000380f1,4688,vertex,5_0,274e199c47b4f65eeadf61d3efd8e963c07ad057e79fc7c8219e8f0a1cdc92fa,worldToShadowMatrix;shadowBluriness;objectToScreenMatrix;boneMatrix
base/standardblendedglowwiggleskinned.ssh,10,0x000394e6,2844,pixel,5_0,aa86bb6354e3683f48e05c0cdec742049d2847ecc71b125776a90775c1135834,worldToShadowMatrix;shadowBluriness;objectToScreenMatrix;boneMatrix;baseMap
base/standardblendedglowwigglestatic.ssh,1,0x00027bd5,3452,vertex,5_0,8e63b312ac0e348fde05aeca88e02d54ab616276f0ffa44a8069c5d9d26b4077,worldToShadowMatrix;shadowBluriness;objectToScreenMatrix
base/standardblendedglowwigglestatic.ssh,2,0x00028ad4,2640,pixel,5_0,5241ef072816f94deeafef3f75c070138fdb2b39257c44627a06c6ff3698b71e,worldToShadowMatrix;shadowBluriness;objectToScreenMatrix
base/standardblendedglowwigglestatic.ssh,3,0x000296c0,3372,vertex,5_0,463e7c6bdaf1a2866ae154ecccfae4ec7cd665f479b811d304f28f819efa4aac,worldToShadowMatrix;shadowBluriness;objectToScreenMatrix
base/standardblendedglowwigglestatic.ssh,4,0x0002a56f,3728,pixel,5_0,e3897ff23cd1de2c3475621ce20b773c57c360903318a9795ea060ba2e2117ce,worldToShadowMatrix;shadowBluriness;objectToScreenMatrix
base/standardblendedglowwigglestatic.ssh,5,0x0002b5cb,4200,vertex,5_0,c8f788ec21e69af6808fa62387a5082b10de01c524d801936162c868a05884de,worldToShadowMatrix;shadowBluriness;objectToScreenMatrix
base/standardblendedglowwigglestatic.ssh,6,0x0002c7b6,4512,pixel,5_0,2fdf96a76bc5c31577e7e89dc1838b1354a6a27bcdfef83ad4ae05a039484c9e,worldToShadowMatrix;shadowBluriness;objectToScreenMatrix
base/standardblendedglowwigglestatic.ssh,7,0x0002dada,2712,vertex,5_0,6db0daea814d1c8150348b2ec146efe974a5a49a83d85bfa0430717f80d051e4,worldToShadowMatrix;shadowBluriness;objectToScreenMatrix
base/standardblendedglowwigglestatic.ssh,9,0x0002e975,3432,vertex,5_0,f625882cff8cda5ee708fb0f22cae0da219b598fb60a0424277d32dac43b9c8d,worldToShadowMatrix;shadowBluriness;objectToScreenMatrix
base/standardblendedglowwigglestatic.ssh,10,0x0002f870,2748,pixel,5_0,bcc5fcca5ddd3185f0f87a4c872b498d11a0d83e292f8384f43c1fae672d3110,worldToShadowMatrix;shadowBluriness;objectToScreenMatrix;baseMap
base/standardblendedscrollstatic.ssh,1,0x0001cd3f,2976,vertex,5_0,7af70b82aa7accc7c59c6fe6cb59e7b679b723cfbe71966eb595925b9c041a27,worldToShadowMatrix;shadowBluriness;objectToScreenMatrix
base/standardblendedscrollstatic.ssh,2,0x0001da11,2404,pixel,5_0,05b1abbbf511f12f20c8a1b320d3732f9019068a86f29661bbbc610fbf4971f2,worldToShadowMatrix;shadowBluriness;objectToScreenMatrix
base/standardblendedscrollstatic.ssh,3,0x0001e4c1,2896,vertex,5_0,96032351f106719d907769b3cd86d5eca806fac8ece48295338beadc137813dd,worldToShadowMatrix;shadowBluriness;objectToScreenMatrix
base/standardblendedscrollstatic.ssh,4,0x0001f143,3292,pixel,5_0,53ab57c0d2a2674a04c6ef4e36a57c60f9ad2c47eeeb12d475adff7575f7218d,worldToShadowMatrix;shadowBluriness;objectToScreenMatrix
base/standardblendedscrollstatic.ssh,5,0x0001ff9b,3724,vertex,5_0,54e8a7fe0247b03d817a294ca4c42000fde27c27b38e9372aba8570c6036af66,worldToShadowMatrix;shadowBluriness;objectToScreenMatrix
base/standardblendedscrollstatic.ssh,6,0x00020f59,4076,pixel,5_0,2bfdbcedafe3fc6a7ebbbb6e84a942fa86feb3a129f49037ec8454e14872210e,worldToShadowMatrix;shadowBluriness;objectToScreenMatrix
base/standardblendedscrollstatic.ssh,7,0x00022079,2172,vertex,5_0,ba3ed3e4adb613e046b74cf56ef0c4fcc630994c04eaa859c7d9e0f2db573a30,worldToShadowMatrix;shadowBluriness;objectToScreenMatrix
base/standardblendedscrollstatic.ssh,9,0x00022ca7,2956,vertex,5_0,3f5c6a3d65fc72042a18ae4ef7146d338532fc5f118dcda5844b0198d2ddbb67,worldToShadowMatrix;shadowBluriness;objectToScreenMatrix
base/standardblendedscrollstatic.ssh,10,0x00023975,2512,pixel,5_0,c96b9eb7490155df464d0e67704e361010638065927b6e541aeb63d5d27b859d,worldToShadowMatrix;shadowBluriness;objectToScreenMatrix;baseMap
base/standardblendedskinned.ssh,1,0x00023bc3,3812,vertex,5_0,f9df4645d8b330fab73c3c5ec6639e19c4e15f2ec5a9c425532433ccac00613d,worldToShadowMatrix;shadowBluriness;objectToScreenMatrix;boneMatrix
base/standardblendedskinned.ssh,2,0x00024bdb,2408,pixel,5_0,2701956c777b9bdfd173a7a5b7390a8c0e8b7f8e85dcc50a3cf09fc7f070c5da,worldToShadowMatrix;shadowBluriness;objectToScreenMatrix;boneMatrix
base/standardblendedskinned.ssh,3,0x0002568f,3972,vertex,5_0,d5aaad66e16c39d28ed7fcbc45be3a91aa4f751c4594b878cae2c875692b52e1,worldToShadowMatrix;shadowBluriness;objectToScreenMatrix;boneMatrix
base/standardblendedskinned.ssh,4,0x00026747,3296,pixel,5_0,034dc61aef2c52694faf3fc49298aed537cbc5d1286ee132c6788c31d71264f0,worldToShadowMatrix;shadowBluriness;objectToScreenMatrix;boneMatrix
base/standardblendedskinned.ssh,5,0x000275a3,4792,vertex,5_0,3ccf1318fc80239814e127817cf751c37ef3172563950e20515b8256ca31d243,worldToShadowMatrix;shadowBluriness;objectToScreenMatrix;boneMatrix
base/standardblendedskinned.ssh,6,0x0002898f,4080,pixel,5_0,1240056ee330ef9ec83a9ccb35b467f1456b9a9a933694a7a9580497166c6426,worldToShadowMatrix;shadowBluriness;objectToScreenMatrix;boneMatrix
base/standardblendedskinned.ssh,7,0x00029ab3,2952,vertex,5_0,0c2be9e8aebf9fd05004668f60863e2bdbee6bc5a903dd860379b0c7436e2cfe,worldToShadowMatrix;shadowBluriness;objectToScreenMatrix;boneMatrix
base/standardblendedskinned.ssh,9,0x0002a9ef,4028,vertex,5_0,a24883ef2a4c95363dea7704a8be891efdfbeee93bb10a26b11400fb0443b884,worldToShadowMatrix;shadowBluriness;objectToScreenMatrix;boneMatrix
base/standardblendedskinned.ssh,10,0x0002baef,2512,pixel,5_0,f018c195f04c987a495bea3eacd62f939da12740eac45e6e6a05e2422d855cf0,worldToShadowMatrix;shadowBluriness;objectToScreenMatrix;boneMatrix;baseMap
base/standardblendedstatic.ssh,1,0x0001bb23,2816,vertex,5_0,20b9a86405e369bcc2b6c4f4dd29dbded80ee8aa2e38495b06aa9779ab3a97ee,worldToShadowMatrix;shadowBluriness;objectToScreenMatrix
base/standardblendedstatic.ssh,2,0x0001c745,2308,pixel,5_0,776c170c8dc2941586ae14f92366bb82b979dd33683c0f4de4bf9d95c20047e9,worldToShadowMatrix;shadowBluriness;objectToScreenMatrix
base/standardblendedstatic.ssh,3,0x0001d185,2736,vertex,5_0,d67958a6d1aef06ea6413972fb264d61d918355c54bf9057fe8765e73216abdb,worldToShadowMatrix;shadowBluriness;objectToScreenMatrix
base/standardblendedstatic.ssh,4,0x0001dd57,3196,pixel,5_0,90e7a93851169a88d686abb55e300e859c6ba754b49eea5bd226287d9cb40cea,worldToShadowMatrix;shadowBluriness;objectToScreenMatrix
base/standardblendedstatic.ssh,5,0x0001eb3f,3564,vertex,5_0,7a89c3b2ee4065486c454980d1ed44e3965b42c9af2e59de12b8aa1738762845,worldToShadowMatrix;shadowBluriness;objectToScreenMatrix
base/standardblendedstatic.ssh,6,0x0001fa4d,3980,pixel,5_0,85de488ffa827ee02e0eef4419b7052a45e6ee5532010d1604753894fcaf29b2,worldToShadowMatrix;shadowBluriness;objectToScreenMatrix
base/standardblendedstatic.ssh,7,0x00020afd,2076,vertex,5_0,d550134396338e21d80c5000c67a900865b2599f03d95cc9a5878b16752851de,worldToShadowMatrix;shadowBluriness;objectToScreenMatrix
base/standardblendedstatic.ssh,9,0x000216bb,2796,vertex,5_0,3d89c6a16cf1e4557c4800e605548ed75e528e95b730f06a8d71dce22db29d46,worldToShadowMatrix;shadowBluriness;objectToScreenMatrix
base/standardblendedstatic.ssh,10,0x000222d9,2416,pixel,5_0,aa5647caa3a3ca1ce846f38d3439ca3abb8cdfd471b20302508bc77a157f7ffe,worldToShadowMatrix;shadowBluriness;objectToScreenMatrix;baseMap
base/standardblendedwiggleskinned.ssh,1,0x0002f5a7,4472,vertex,5_0,46089b3a8f67bc56b63c7928e7e40a28fd4bdcac25dca57ef1ca2a04eb8b7a25,worldToShadowMatrix;shadowBluriness;objectToScreenMatrix;boneMatrix
base/standardblendedwiggleskinned.ssh,2,0x000308b4,2740,pixel,5_0,3207e4600bcc79e3b5117689782e6c5cc835cb1ff4572912c781fdaa87d4798d,worldToShadowMatrix;shadowBluriness;objectToScreenMatrix;boneMatrix
base/standardblendedwiggleskinned.ssh,3,0x00031514,4632,vertex,5_0,a947d8e52373ac1f49f69fbf83a3d4db7be319f7c87b3b43231cdd464867563a,worldToShadowMatrix;shadowBluriness;objectToScreenMatrix;boneMatrix
base/standardblendedwiggleskinned.ssh,4,0x000328c1,3628,pixel,5_0,fb6b119789a638a69e16f52bceb87ae494ecf712aaf87d3193046df53bf6c255,worldToShadowMatrix;shadowBluriness;objectToScreenMatrix;boneMatrix
base/standardblendedwiggleskinned.ssh,5,0x000338c9,5452,vertex,5_0,66bd23d600583dd07da00821ee2688415bd44dd3def8f666cdd91c64bbd2c2c5,worldToShadowMatrix;shadowBluriness;objectToScreenMatrix;boneMatrix
base/standardblendedwiggleskinned.ssh,6,0x00034faa,4412,pixel,5_0,2dff0cbd40e2c675ec7a41d9b7c68d7e4068ca44e625ea4ddfacb20cdb630dce,worldToShadowMatrix;shadowBluriness;objectToScreenMatrix;boneMatrix
base/standardblendedwiggleskinned.ssh,7,0x0003627a,3612,vertex,5_0,f1598d9eb0245e78bc6e8b8efb09121414600da4b10b92661d6019d26f995ce9,worldToShadowMatrix;shadowBluriness;objectToScreenMatrix;boneMatrix
base/standardblendedwiggleskinned.ssh,9,0x000374ab,4688,vertex,5_0,274e199c47b4f65eeadf61d3efd8e963c07ad057e79fc7c8219e8f0a1cdc92fa,worldToShadowMatrix;shadowBluriness;objectToScreenMatrix;boneMatrix
base/standardblendedwiggleskinned.ssh,10,0x000388a0,2844,pixel,5_0,aa86bb6354e3683f48e05c0cdec742049d2847ecc71b125776a90775c1135834,worldToShadowMatrix;shadowBluriness;objectToScreenMatrix;boneMatrix;baseMap
base/standardblendedwigglestatic.ssh,1,0x0002711f,3452,vertex,5_0,8e63b312ac0e348fde05aeca88e02d54ab616276f0ffa44a8069c5d9d26b4077,worldToShadowMatrix;shadowBluriness;objectToScreenMatrix
base/standardblendedwigglestatic.ssh,2,0x0002801e,2640,pixel,5_0,5241ef072816f94deeafef3f75c070138fdb2b39257c44627a06c6ff3698b71e,worldToShadowMatrix;shadowBluriness;objectToScreenMatrix
base/standardblendedwigglestatic.ssh,3,0x00028c0a,3372,vertex,5_0,463e7c6bdaf1a2866ae154ecccfae4ec7cd665f479b811d304f28f819efa4aac,worldToShadowMatrix;shadowBluriness;objectToScreenMatrix
base/standardblendedwigglestatic.ssh,4,0x00029ab9,3528,pixel,5_0,810b0c5c6333167575cb771a7362d8d55919ea85a64e47bdae5a9ed1044edbc0,worldToShadowMatrix;shadowBluriness;objectToScreenMatrix
base/standardblendedwigglestatic.ssh,5,0x0002aa4d,4200,vertex,5_0,c8f788ec21e69af6808fa62387a5082b10de01c524d801936162c868a05884de,worldToShadowMatrix;shadowBluriness;objectToScreenMatrix
base/standardblendedwigglestatic.ssh,6,0x0002bc38,4312,pixel,5_0,275209ba2c8e8d826c89c1f57398acca8ddf07c08f8b3197ebb0e56e0b18a81a,worldToShadowMatrix;shadowBluriness;objectToScreenMatrix
base/standardblendedwigglestatic.ssh,7,0x0002ce94,2712,vertex,5_0,6db0daea814d1c8150348b2ec146efe974a5a49a83d85bfa0430717f80d051e4,worldToShadowMatrix;shadowBluriness;objectToScreenMatrix
base/standardblendedwigglestatic.ssh,9,0x0002dd2f,3432,vertex,5_0,f625882cff8cda5ee708fb0f22cae0da219b598fb60a0424277d32dac43b9c8d,worldToShadowMatrix;shadowBluriness;objectToScreenMatrix
base/standardblendedwigglestatic.ssh,10,0x0002ec2a,2748,pixel,5_0,bcc5fcca5ddd3185f0f87a4c872b498d11a0d83e292f8384f43c1fae672d3110,worldToShadowMatrix;shadowBluriness;objectToScreenMatrix;baseMap
base/standarddissolveskinned.ssh,1,0x00027c3b,3856,vertex,5_0,80665922aa236c3b9a3d0818efb29b1e713d515d1b40b8281d94add6529b61e4,worldToShadowMatrix;shadowBluriness;objectToScreenMatrix;boneMatrix
base/standarddissolveskinned.ssh,2,0x00028c8f,2452,pixel,5_0,c3a77e498d9ee2c9df0506c294e394f658d042445553fa506253bace942e5ee6,worldToShadowMatrix;shadowBluriness;objectToScreenMatrix;boneMatrix
base/standarddissolveskinned.ssh,3,0x0002976f,4016,vertex,5_0,05d0af35011c37955cf104804ce979599b94c1c25e196120ff64b2327be0330d,worldToShadowMatrix;shadowBluriness;objectToScreenMatrix;boneMatrix
base/standarddissolveskinned.ssh,4,0x0002a863,4040,pixel,5_0,d25f8c097689575b526d030bbcc377e5a25fa6a1442d0b70f410f7e3e7ccdc76,worldToShadowMatrix;shadowBluriness;objectToScreenMatrix;boneMatrix
base/standarddissolveskinned.ssh,5,0x0002b977,4836,vertex,5_0,2a6cc67606826ba5eb45c3d8dcbcbcf957e0db4f77c76058f43f8949ddfd4ac3,worldToShadowMatrix;shadowBluriness;objectToScreenMatrix;boneMatrix
base/standarddissolveskinned.ssh,6,0x0002cd9f,4124,pixel,5_0,2be170265c24c02d2806ea28369d06823c3c1187386625b3dd1036471ebf5933,worldToShadowMatrix;shadowBluriness;objectToScreenMatrix;boneMatrix
base/standarddissolveskinned.ssh,7,0x0002deff,2996,vertex,5_0,d6a70d29b4e50f0a5a7c63df5c230074f4858ed24e5a3f5b7f1ae4565e4c3098,worldToShadowMatrix;shadowBluriness;objectToScreenMatrix;boneMatrix
base/standarddissolveskinned.ssh,9,0x0002ee77,4072,vertex,5_0,9a721d8629ba1e91a4ffe3740ff4f7f5d00d1bc31ff4d35fdba3a5da913a0c07,worldToShadowMatrix;shadowBluriness;objectToScreenMatrix;boneMatrix
base/standarddissolveskinned.ssh,10,0x0002ffb3,2556,pixel,5_0,c0acdd0187c219b420a7ca1d227985d17e52a289b7d7531eedb4e4c31da4e549,worldToShadowMatrix;shadowBluriness;objectToScreenMatrix;boneMatrix;baseMap
base/standarddissolvestatic.ssh,1,0x0001f17b,2860,vertex,5_0,36896b32f4bf3b3ac763da9078c46e93d572890795bd9098c2e66711bfef7113,worldToShadowMatrix;shadowBluriness;objectToScreenMatrix
base/standarddissolvestatic.ssh,2,0x0001fdd9,2352,pixel,5_0,d4eb88999c0d2fcc3e839fc7737326c02b193ab3fe438af09b08054a9e49f252,worldToShadowMatrix;shadowBluriness;objectToScreenMatrix
base/standarddissolvestatic.ssh,3,0x00020845,2780,vertex,5_0,ef4824c15a7d5672dd80c4667e7caca36c8c77a6fd7d60783d427c1141929004,worldToShadowMatrix;shadowBluriness;objectToScreenMatrix
base/standarddissolvestatic.ssh,4,0x00021453,3940,pixel,5_0,bda6a28564411f365bf46417282a77e7dede5731a98e8b91ceafeebddebd6db8,worldToShadowMatrix;shadowBluriness;objectToScreenMatrix
base/standarddissolvestatic.ssh,5,0x000224f3,3608,vertex,5_0,baca10f76f68e11faa2b51cf65cc42d0ee735b117e86280156b1bbece6a4f974,worldToShadowMatrix;shadowBluriness;objectToScreenMatrix
base/standarddissolvestatic.ssh,6,0x0002343d,4024,pixel,5_0,cf2172ab27988468a2e6d033f885fed480d1f96d4eb450ae2dbb5032e1bda83b,worldToShadowMatrix;shadowBluriness;objectToScreenMatrix
base/standarddissolvestatic.ssh,7,0x00024529,2120,vertex,5_0,7e5bac9cf7bd191331ef6266346b5be2f3876822098f7b831b3e17f9db50c57b,worldToShadowMatrix;shadowBluriness;objectToScreenMatrix
base/standarddissolvestatic.ssh,9,0x00025123,2840,vertex,5_0,5d9cf41d125941c2f56bac995d85cfef35baa972b6376d392ca0229382fd817f,worldToShadowMatrix;shadowBluriness;objectToScreenMatrix
base/standarddissolvestatic.ssh,10,0x00025d7d,2460,pixel,5_0,d5f5790e71adfcfa85b791db9d3c64a8b527a5a07711b4f2d55918a46226c8f4,worldToShadowMatrix;shadowBluriness;objectToScreenMatrix;baseMap
base/standardenvmap.ssh,1,0x0001be17,2752,vertex,5_0,c350e95e0b72546dd1c77c2d964175c9d08a5d828084cd5e9c82f5aa2863432e,worldToShadowMatrix;shadowBluriness;objectToScreenMatrix
base/standardenvmap.ssh,2,0x0001c9e9,2244,pixel,5_0,400730d7d1cd1aa6d3baefe9ef210686cc4bd7dba7ec800092b2dc0602c1444b,worldToShadowMatrix;shadowBluriness;objectToScreenMatrix
base/standardenvmap.ssh,3,0x0001d3d9,2672,vertex,5_0,383897708fc53f2fca3dd0f43ecd48ca4cb09be81938ca5c9a17bbf6bb0cfdb2,worldToShadowMatrix;shadowBluriness;objectToScreenMatrix
base/standardenvmap.ssh,4,0x0001df5b,3088,pixel,5_0,bae4cadf8e6a31bb5db49fd83f541deb7909d3d4f87a6788c1abe3c8509c07bc,worldToShadowMatrix;shadowBluriness;objectToScreenMatrix
base/standardenvmap.ssh,5,0x0001ec87,3500,vertex,5_0,cf9a07fe4709fdd9a78635d5b39b1f6a9f39dd94a87dd9df2ab41632ec2528a2,worldToShadowMatrix;shadowBluriness;objectToScreenMatrix
base/standardenvmap.ssh,6,0x0001fb45,3916,pixel,5_0,fb0a49d5af0a68e53f3c0084e9094881425674084e8780fb403be8606e607eb6,worldToShadowMatrix;shadowBluriness;objectToScreenMatrix
base/standardenvmap.ssh,7,0x00020ba5,2012,vertex,5_0,3ea33b9a6000d6d710b83e70cf5857e80409b33f865f2fab3f83674507ecf464,worldToShadowMatrix;shadowBluriness;objectToScreenMatrix
base/standardenvmap.ssh,9,0x00021713,2732,vertex,5_0,829f08311bc03895d672211fd4ceb64e0d1dfa9d3b9e49923ed139a2a1ef5eda,worldToShadowMatrix;shadowBluriness;objectToScreenMatrix
base/standardenvmap.ssh,10,0x000222e1,2352,pixel,5_0,bea3ce8b5272ada38f1255d640784ae214548da0a45c9317bc99ba50ae5a948f,worldToShadowMatrix;shadowBluriness;objectToScreenMatrix;baseMap
base/standardenvmapblendedstatic.ssh,1,0x0001ce01,2816,vertex,5_0,20b9a86405e369bcc2b6c4f4dd29dbded80ee8aa2e38495b06aa9779ab3a97ee,worldToShadowMatrix;shadowBluriness;objectToScreenMatrix
base/standardenvmapblendedstatic.ssh,2,0x0001da23,2308,pixel,5_0,46f5724a743348bff461635c3e53e2692feeb2b83e4a0ecb2ab70af7ca6163ee,worldToShadowMatrix;shadowBluriness;objectToScreenMatrix
base/standardenvmapblendedstatic.ssh,3,0x0001e473,2736,vertex,5_0,d67958a6d1aef06ea6413972fb264d61d918355c54bf9057fe8765e73216abdb,worldToShadowMatrix;shadowBluriness;objectToScreenMatrix
base/standardenvmapblendedstatic.ssh,4,0x0001f045,3196,pixel,5_0,90e7a93851169a88d686abb55e300e859c6ba754b49eea5bd226287d9cb40cea,worldToShadowMatrix;shadowBluriness;objectToScreenMatrix
base/standardenvmapblendedstatic.ssh,5,0x0001fe2d,3564,vertex,5_0,7a89c3b2ee4065486c454980d1ed44e3965b42c9af2e59de12b8aa1738762845,worldToShadowMatrix;shadowBluriness;objectToScreenMatrix
base/standardenvmapblendedstatic.ssh,6,0x00020d3b,3980,pixel,5_0,85de488ffa827ee02e0eef4419b7052a45e6ee5532010d1604753894fcaf29b2,worldToShadowMatrix;shadowBluriness;objectToScreenMatrix
base/standardenvmapblendedstatic.ssh,7,0x00021deb,2076,vertex,5_0,d550134396338e21d80c5000c67a900865b2599f03d95cc9a5878b16752851de,worldToShadowMatrix;shadowBluriness;objectToScreenMatrix
base/standardenvmapblendedstatic.ssh,9,0x000229a9,2796,vertex,5_0,3d89c6a16cf1e4557c4800e605548ed75e528e95b730f06a8d71dce22db29d46,worldToShadowMatrix;shadowBluriness;objectToScreenMatrix
base/standardenvmapblendedstatic.ssh,10,0x000235c7,2416,pixel,5_0,aa5647caa3a3ca1ce846f38d3439ca3abb8cdfd471b20302508bc77a157f7ffe,worldToShadowMatrix;shadowBluriness;objectToScreenMatrix;baseMap
base/standardenvmapskinned.ssh,1,0x00023eb7,3748,vertex,5_0,14e3f315b241f54b0e6c811d8d45e637040ba056e6ab21351f6e927007741632,worldToShadowMatrix;shadowBluriness;objectToScreenMatrix;boneMatrix
base/standardenvmapskinned.ssh,2,0x00024e7f,2344,pixel,5_0,65be630b4b7d51cf445abaae0e3e7133ff086ab0c8a5272d2f13e511086893ff,worldToShadowMatrix;shadowBluriness;objectToScreenMatrix;boneMatrix
base/standardenvmapskinned.ssh,3,0x000258e3,3908,vertex,5_0,71bd7bb03aaab72b1035ef4fd5850f38cef862b38d40c9f3184a3025d545ef0b,worldToShadowMatrix;shadowBluriness;objectToScreenMatrix;boneMatrix
base/standardenvmapskinned.ssh,4,0x0002694b,3188,pixel,5_0,12884fc8b7e01d30363b88e7fc74da396a11f1cec8695a2a72b0bbd87e4889dc,worldToShadowMatrix;shadowBluriness;objectToScreenMatrix;boneMatrix
base/standardenvmapskinned.ssh,5,0x000276eb,4728,vertex,5_0,56100773b905c42293603099b2ef314915c9bdcb588be5521981e9eca9eed7f8,worldToShadowMatrix;shadowBluriness;objectToScreenMatrix;boneMatrix
base/standardenvmapskinned.ssh,6,0x00028a87,4016,pixel,5_0,28f829a29f4a3b6bf7af36aee9fcfd1d08bc35d1f0005986d409f7231e56c1a2,worldToShadowMatrix;shadowBluriness;objectToScreenMatrix;boneMatrix
base/standardenvmapskinned.ssh,7,0x00029b5b,2888,vertex,5_0,3eb52bd4ca6301b81a07f238f6719022f09d83a24244adb3f16ea445bf2810fe,worldToShadowMatrix;shadowBluriness;objectToScreenMatrix;boneMatrix
base/standardenvmapskinned.ssh,9,0x0002aa47,3964,vertex,5_0,baf467f8b2018fcc413f88366ce53fdc1bf6af97feed197c85a21386eb1dbde7,worldToShadowMatrix;shadowBluriness;objectToScreenMatrix;boneMatrix
base/standardenvmapskinned.ssh,10,0x0002baf7,2448,pixel,5_0,08be237603c8872fc3b1cb935e98944996bb3e51330b1518539bd20a19ed467b,worldToShadowMatrix;shadowBluriness;objectToScreenMatrix;boneMatrix;baseMap
base/standardglowscrollskinned.ssh,1,0x0002481b,3908,vertex,5_0,d183a7b03e98f7a7f7f47ce7b9deac0cc57e0dbbc3606ea654d40641ee4d09fc,worldToShadowMatrix;shadowBluriness;objectToScreenMatrix;boneMatrix
base/standardglowscrollskinned.ssh,2,0x00025893,2440,pixel,5_0,13390e08af048edcb906bbce7673123d4832997816d48ed0aa4eeeef852d73cc,worldToShadowMatrix;shadowBluriness;objectToScreenMatrix;boneMatrix
base/standardglowscrollskinned.ssh,3,0x00026357,4068,vertex,5_0,0a60c4b535a4b875b9538d85685cb9a46f5a54ac2080972c0a0ed37bb1125352,worldToShadowMatrix;shadowBluriness;objectToScreenMatrix;boneMatrix
base/standardglowscrollskinned.ssh,4,0x0002746f,3484,pixel,5_0,861fe3f2f2d456c3cc7d01ff0e19aa6167fe4c60ea971014da7fa742f46882dc,worldToShadowMatrix;shadowBluriness;objectToScreenMatrix;boneMatrix
base/standardglowscrollskinned.ssh,5,0x00028347,4888,vertex,5_0,eecda0880657464906e858c349e9bb8756fdc2a6582070a17fc76348a4790cd5,worldToShadowMatrix;shadowBluriness;objectToScreenMatrix;boneMatrix
base/standardglowscrollskinned.ssh,6,0x00029793,4312,pixel,5_0,8fcda4295839a297973c1f517a9fdc74b23374e124d995263bedeee5e40d976d,worldToShadowMatrix;shadowBluriness;objectToScreenMatrix;boneMatrix
base/standardglowscrollskinned.ssh,7,0x0002a99f,2984,vertex,5_0,4862e3db1b8bae1aee521a3c7922e6aa125609b1035971aae52582893d7e3c15,worldToShadowMatrix;shadowBluriness;objectToScreenMatrix;boneMatrix
base/standardglowscrollskinned.ssh,9,0x0002b8fb,4124,vertex,5_0,4c2b1a39500f8f87daea4412559695a1ab6ea96c6c8b6f2a4faa6ab50bd1685a,worldToShadowMatrix;shadowBluriness;objectToScreenMatrix;boneMatrix
base/standardglowscrollskinned.ssh,10,0x0002ca5b,2544,pixel,5_0,a77ca8d725301bfa6c139e3033d2f19debd5d6eae8474dac5223ca63bf410e5e,worldToShadowMatrix;shadowBluriness;objectToScreenMatrix;boneMatrix;baseMap
base/standardglowscrollstatic.ssh,1,0x0001c77b,2912,vertex,5_0,2ac77321aba20c2dddfec538c0c1a547e235cf919fd510c2ef52fa12ff7fe2fa,worldToShadowMatrix;shadowBluriness;objectToScreenMatrix
base/standardglowscrollstatic.ssh,2,0x0001d3fd,2340,pixel,5_0,bc2ddbd32d646ac21285cc7b79f7ea5c22dad98b66a46752ca7e4c4dbbb7ff6d,worldToShadowMatrix;shadowBluriness;objectToScreenMatrix
base/standardglowscrollstatic.ssh,3,0x0001de4d,2832,vertex,5_0,82cf7ceb1a11042b883a4678d5bda139c2961039fbf4b68fef5f6fbd424adca3,worldToShadowMatrix;shadowBluriness;objectToScreenMatrix
base/standardglowscrollstatic.ssh,4,0x0001ea7f,3384,pixel,5_0,e7282b4aa1ccd95bfb2b8242e8af070d9a96ac887d152de63099042d3b22441d,worldToShadowMatrix;shadowBluriness;objectToScreenMatrix
base/standardglowscrollstatic.ssh,5,0x0001f8e3,3660,vertex,5_0,9fcb1597e6400288283863c00670641ac640d10ae507cb52af059676b32cf270,worldToShadowMatrix;shadowBluriness;objectToScreenMatrix
base/standardglowscrollstatic.ssh,6,0x00020851,4212,pixel,5_0,e290c7df9ba6570fd7c045644285b9f3352c7d2219ddb441d425e6f5bc2a5257,worldToShadowMatrix;shadowBluriness;objectToScreenMatrix
base/standardglowscrollstatic.ssh,7,0x000219e9,2108,vertex,5_0,1d95e80ae99edb1fcd3b568e989e461b6354b12ae161e049a400c1fa6621a82e,worldToShadowMatrix;shadowBluriness;objectToScreenMatrix
base/standardglowscrollstatic.ssh,9,0x000225c7,2892,vertex,5_0,822c7fab28c9fce21342a1051823e94dbba33c27a8b207e90a5911fa456829f2,worldToShadowMatrix;shadowBluriness;objectToScreenMatrix
base/standardglowscrollstatic.ssh,10,0x00023245,2448,pixel,5_0,adf55928e0c75a925ad1b244f52f368cf7fcf9d94a0ad4d8f105a297cf8d42b7,worldToShadowMatrix;shadowBluriness;objectToScreenMatrix;baseMap
base/standardglowscrollwiggleskinned.ssh,1,0x0002fc07,4568,vertex,5_0,09397001b7b18e0f4589e53eb7ce28e9d18a66e3d7ab2930c93f1a2346899582,worldToShadowMatrix;shadowBluriness;objectToScreenMatrix;boneMatrix
base/standardglowscrollwiggleskinned.ssh,2,0x00030f74,2772,pixel,5_0,84c14cc0ca737e5def11a2c2d24d69b43b85e5580e976010511e584f4148867c,worldToShadowMatrix;shadowBluriness;objectToScreenMatrix;boneMatrix
base/standardglowscrollwiggleskinned.ssh,3,0x00031be4,4728,vertex,5_0,960780dce01f72fd6fe4acc1ecacf87ec368fab2011c7b18deb240213f8f697b,worldToShadowMatrix;shadowBluriness;objectToScreenMatrix;boneMatrix
base/standardglowscrollwiggleskinned.ssh,4,0x00032ff1,3816,pixel,5_0,1d3dea440687a1aec9807e5b72ff003a25183862bdb9ce352066645ca5b5674c,worldToShadowMatrix;shadowBluriness;objectToScreenMatrix;boneMatrix
base/standardglowscrollwiggleskinned.ssh,5,0x00034075,5548,vertex,5_0,6e338369c5f158188408c5ee50f73f21c60dec75e03798a26a00d930e37f515c,worldToShadowMatrix;shadowBluriness;objectToScreenMatrix;boneMatrix
base/standardglowscrollwiggleskinned.ssh,6,0x000357b6,4644,pixel,5_0,4ba1379a579d1b22edbf3c51b6714b94ce2e0a9f33466f44f2413dd2cfd84796,worldToShadowMatrix;shadowBluriness;objectToScreenMatrix;boneMatrix
base/standardglowscrollwiggleskinned.ssh,7,0x00036b6e,3644,vertex,5_0,15c5fb17b4f591b1c8f1e71bf3662d301bf42b1c01f6b3677e233dbb6ef1af7e,worldToShadowMatrix;shadowBluriness;objectToScreenMatrix;boneMatrix
base/standardglowscrollwiggleskinned.ssh,9,0x00037dbf,4784,vertex,5_0,592d9dc7ef49ce6356fd876b400eb5eb06bd0cf1fd39d03e93f878285090e034,worldToShadowMatrix;shadowBluriness;objectToScreenMatrix;boneMatrix
base/standardglowscrollwiggleskinned.ssh,10,0x00039214,2876,pixel,5_0,f57a6bef775cd48b922d70f746df246b5baef7602f37bcecffe6db8be21d8252,worldToShadowMatrix;shadowBluriness;objectToScreenMatrix;boneMatrix;baseMap
base/standardglowscrollwigglestatic.ssh,1,0x0002777f,3548,vertex,5_0,2dc4ae9f633ef198fcb1e3b18edbffc18b2b82169c5c227f519315b84837fb6f,worldToShadowMatrix;shadowBluriness;objectToScreenMatrix
base/standardglowscrollwigglestatic.ssh,2,0x000286de,2672,pixel,5_0,815eee74bba235f87f5b68992ef5bc11683aa801486bb30a3534895a90203808,worldToShadowMatrix;shadowBluriness;objectToScreenMatrix
base/standardglowscrollwigglestatic.ssh,3,0x000292da,3468,vertex,5_0,fd7fce27fd9d4c8da1de52a39c9e3e0bef6d4aada52b0b990164a16d52b1b41e,worldToShadowMatrix;shadowBluriness;objectToScreenMatrix
base/standardglowscrollwigglestatic.ssh,4,0x0002a1e9,3716,pixel,5_0,6f7431cf0974168851a5468aa4269b97cbeaf73ccc49cb668e8908e9a3a532e4,worldToShadowMatrix;shadowBluriness;objectToScreenMatrix
base/standardglowscrollwigglestatic.ssh,5,0x0002b1f9,4296,vertex,5_0,711cafcd1f07f810ed7c835493655969bcc0707d1d7024f9ab0de12da73499c8,worldToShadowMatrix;shadowBluriness;objectToScreenMatrix
base/standardglowscrollwigglestatic.ssh,6,0x0002c444,4544,pixel,5_0,75dd87a3592e5ab10b2e16bccafe45944777ecdb383875b3df81e4d00fd54537,worldToShadowMatrix;shadowBluriness;objectToScreenMatrix
base/standardglowscrollwigglestatic.ssh,7,0x0002d788,2744,vertex,5_0,2872c02561d8a3e93c89e40f963f23a5525794622d4f8e5a07f3fc10a02ff98a,worldToShadowMatrix;shadowBluriness;objectToScreenMatrix
base/standardglowscrollwigglestatic.ssh,9,0x0002e643,3528,vertex,5_0,18d51a9653daa3def35f62ab3864a956836bbb9603f99b9d7b2b02e8883312e6,worldToShadowMatrix;shadowBluriness;objectToScreenMatrix
base/standardglowscrollwigglestatic.ssh,10,0x0002f59e,2780,pixel,5_0,13b69a60f62d5e04baa1a245e1766442088c8d864b0c70801ffccc25d9639ff7,worldToShadowMatrix;shadowBluriness;objectToScreenMatrix;baseMap
base/standardglowskinned.ssh,1,0x000235b7,3748,vertex,5_0,14e3f315b241f54b0e6c811d8d45e637040ba056e6ab21351f6e927007741632,worldToShadowMatrix;shadowBluriness;objectToScreenMatrix;boneMatrix
base/standardglowskinned.ssh,2,0x0002457f,2344,pixel,5_0,54746421680fdbc21b2dce1a7e9302fe2d351a6b7752be382ef10685397b4269,worldToShadowMatrix;shadowBluriness;objectToScreenMatrix;boneMatrix
base/standardglowskinned.ssh,3,0x00024fd3,3908,vertex,5_0,71bd7bb03aaab72b1035ef4fd5850f38cef862b38d40c9f3184a3025d545ef0b,worldToShadowMatrix;shadowBluriness;objectToScreenMatrix;boneMatrix
base/standardglowskinned.ssh,4,0x0002603b,3388,pixel,5_0,7eeb1e53872f83838e4a66e34315fc0f75dfd1cea0203e434dfa2eea4d046bbe,worldToShadowMatrix;shadowBluriness;objectToScreenMatrix;boneMatrix
base/standardglowskinned.ssh,5,0x00026ea3,4728,vertex,5_0,56100773b905c42293603099b2ef314915c9bdcb588be5521981e9eca9eed7f8,worldToShadowMatrix;shadowBluriness;objectToScreenMatrix;boneMatrix
base/standardglowskinned.ssh,6,0x0002823f,4216,pixel,5_0,aa716d3cebe8b3e7786b7b88fe2c208a3b91e3d2d4805db362048d49f2fad803,worldToShadowMatrix;shadowBluriness;objectToScreenMatrix;boneMatrix
base/standardglowskinned.ssh,7,0x000293db,2888,vertex,5_0,3eb52bd4ca6301b81a07f238f6719022f09d83a24244adb3f16ea445bf2810fe,worldToShadowMatrix;shadowBluriness;objectToScreenMatrix;boneMatrix
base/standardglowskinned.ssh,9,0x0002a2c7,3964,vertex,5_0,baf467f8b2018fcc413f88366ce53fdc1bf6af97feed197c85a21386eb1dbde7,worldToShadowMatrix;shadowBluriness;objectToScreenMatrix;boneMatrix
base/standardglowskinned.ssh,10,0x0002b377,2448,pixel,5_0,08be237603c8872fc3b1cb935e98944996bb3e51330b1518539bd20a19ed467b,worldToShadowMatrix;shadowBluriness;objectToScreenMatrix;boneMatrix;baseMap
base/standardglowskinnednoculling.ssh,1,0x000235b7,3748,vertex,5_0,14e3f315b241f54b0e6c811d8d45e637040ba056e6ab21351f6e927007741632,worldToShadowMatrix;shadowBluriness;objectToScreenMatrix;boneMatrix
base/standardglowskinnednoculling.ssh,2,0x0002457f,2344,pixel,5_0,54746421680fdbc21b2dce1a7e9302fe2d351a6b7752be382ef10685397b4269,worldToShadowMatrix;shadowBluriness;objectToScreenMatrix;boneMatrix
base/standardglowskinnednoculling.ssh,3,0x00024fd3,3908,vertex,5_0,71bd7bb03aaab72b1035ef4fd5850f38cef862b38d40c9f3184a3025d545ef0b,worldToShadowMatrix;shadowBluriness;objectToScreenMatrix;boneMatrix
base/standardglowskinnednoculling.ssh,4,0x0002603b,3388,pixel,5_0,7eeb1e53872f83838e4a66e34315fc0f75dfd1cea0203e434dfa2eea4d046bbe,worldToShadowMatrix;shadowBluriness;objectToScreenMatrix;boneMatrix
base/standardglowskinnednoculling.ssh,5,0x00026ea3,4728,vertex,5_0,56100773b905c42293603099b2ef314915c9bdcb588be5521981e9eca9eed7f8,worldToShadowMatrix;shadowBluriness;objectToScreenMatrix;boneMatrix
base/standardglowskinnednoculling.ssh,6,0x0002823f,4216,pixel,5_0,aa716d3cebe8b3e7786b7b88fe2c208a3b91e3d2d4805db362048d49f2fad803,worldToShadowMatrix;shadowBluriness;objectToScreenMatrix;boneMatrix
base/standardglowskinnednoculling.ssh,7,0x000293db,2888,vertex,5_0,3eb52bd4ca6301b81a07f238f6719022f09d83a24244adb3f16ea445bf2810fe,worldToShadowMatrix;shadowBluriness;objectToScreenMatrix;boneMatrix
base/standardglowskinnednoculling.ssh,9,0x0002a2c7,3964,vertex,5_0,baf467f8b2018fcc413f88366ce53fdc1bf6af97feed197c85a21386eb1dbde7,worldToShadowMatrix;shadowBluriness;objectToScreenMatrix;boneMatrix
base/standardglowskinnednoculling.ssh,10,0x0002b377,2448,pixel,5_0,08be237603c8872fc3b1cb935e98944996bb3e51330b1518539bd20a19ed467b,worldToShadowMatrix;shadowBluriness;objectToScreenMatrix;boneMatrix;baseMap
base/standardglowstatic.ssh,1,0x0001b517,2752,vertex,5_0,c350e95e0b72546dd1c77c2d964175c9d08a5d828084cd5e9c82f5aa2863432e,worldToShadowMatrix;shadowBluriness;objectToScreenMatrix
base/standardglowstatic.ssh,2,0x0001c0e9,2244,pixel,5_0,00ece9a6e44899761b698d6464d081d5d74f6a9a812a8cfbde3bb52243321360,worldToShadowMatrix;shadowBluriness;objectToScreenMatrix
base/standardglowstatic.ssh,3,0x0001cac9,2672,vertex,5_0,383897708fc53f2fca3dd0f43ecd48ca4cb09be81938ca5c9a17bbf6bb0cfdb2,worldToShadowMatrix;shadowBluriness;objectToScreenMatrix
base/standardglowstatic.ssh,4,0x0001d64b,3288,pixel,5_0,1320ec91f4f0b3acd655787548d9853091e4cf8db276326e7dd7bc3fd62a6200,worldToShadowMatrix;shadowBluriness;objectToScreenMatrix
base/standardglowstatic.ssh,5,0x0001e43f,3500,vertex,5_0,cf9a07fe4709fdd9a78635d5b39b1f6a9f39dd94a87dd9df2ab41632ec2528a2,worldToShadowMatrix;shadowBluriness;objectToScreenMatrix
base/standardglowstatic.ssh,6,0x0001f2fd,4116,pixel,5_0,caf37fad436cd8a8696c2161a896f1d972b310db500cb64cb8f509b9d4b5200c,worldToShadowMatrix;shadowBluriness;objectToScreenMatrix
base/standardglowstatic.ssh,7,0x00020425,2012,vertex,5_0,3ea33b9a6000d6d710b83e70cf5857e80409b33f865f2fab3f83674507ecf464,worldToShadowMatrix;shadowBluriness;objectToScreenMatrix
base/standardglowstatic.ssh,9,0x00020f93,2732,vertex,5_0,829f08311bc03895d672211fd4ceb64e0d1dfa9d3b9e49923ed139a2a1ef5eda,worldToShadowMatrix;shadowBluriness;objectToScreenMatrix
base/standardglowstatic.ssh,10,0x00021b61,2352,pixel,5_0,bea3ce8b5272ada38f1255d640784ae214548da0a45c9317bc99ba50ae5a948f,worldToShadowMatrix;shadowBluriness;objectToScreenMatrix;baseMap
base/standardglowstaticnoculling.ssh,1,0x0001b517,2752,vertex,5_0,c350e95e0b72546dd1c77c2d964175c9d08a5d828084cd5e9c82f5aa2863432e,worldToShadowMatrix;shadowBluriness;objectToScreenMatrix
base/standardglowstaticnoculling.ssh,2,0x0001c0e9,2244,pixel,5_0,00ece9a6e44899761b698d6464d081d5d74f6a9a812a8cfbde3bb52243321360,worldToShadowMatrix;shadowBluriness;objectToScreenMatrix
base/standardglowstaticnoculling.ssh,3,0x0001cac9,2672,vertex,5_0,383897708fc53f2fca3dd0f43ecd48ca4cb09be81938ca5c9a17bbf6bb0cfdb2,worldToShadowMatrix;shadowBluriness;objectToScreenMatrix
base/standardglowstaticnoculling.ssh,4,0x0001d64b,3288,pixel,5_0,1320ec91f4f0b3acd655787548d9853091e4cf8db276326e7dd7bc3fd62a6200,worldToShadowMatrix;shadowBluriness;objectToScreenMatrix
base/standardglowstaticnoculling.ssh,5,0x0001e43f,3500,vertex,5_0,cf9a07fe4709fdd9a78635d5b39b1f6a9f39dd94a87dd9df2ab41632ec2528a2,worldToShadowMatrix;shadowBluriness;objectToScreenMatrix
base/standardglowstaticnoculling.ssh,6,0x0001f2fd,4116,pixel,5_0,caf37fad436cd8a8696c2161a896f1d972b310db500cb64cb8f509b9d4b5200c,worldToShadowMatrix;shadowBluriness;objectToScreenMatrix
base/standardglowstaticnoculling.ssh,7,0x00020425,2012,vertex,5_0,3ea33b9a6000d6d710b83e70cf5857e80409b33f865f2fab3f83674507ecf464,worldToShadowMatrix;shadowBluriness;objectToScreenMatrix
base/standardglowstaticnoculling.ssh,9,0x00020f93,2732,vertex,5_0,829f08311bc03895d672211fd4ceb64e0d1dfa9d3b9e49923ed139a2a1ef5eda,worldToShadowMatrix;shadowBluriness;objectToScreenMatrix
base/standardglowstaticnoculling.ssh,10,0x00021b61,2352,pixel,5_0,bea3ce8b5272ada38f1255d640784ae214548da0a45c9317bc99ba50ae5a948f,worldToShadowMatrix;shadowBluriness;objectToScreenMatrix;baseMap
base/standardglowstatict.ssh,1,0x0001dd6d,3036,vertex,5_0,1233ea39a893444e9c1e4154c2a592862fc1dffac72d6c300e85931747b0ac0d,worldToShadowMatrix;shadowBluriness;objectToScreenMatrix
base/standardglowstatict.ssh,2,0x0001eaab,2460,pixel,5_0,9db8dc0bd237359651047794ff94fd61ea749188c8230f1938251dca1978d7fc,worldToShadowMatrix;shadowBluriness;objectToScreenMatrix
base/standardglowstatict.ssh,3,0x0001f5c3,2468,vertex,5_0,18bdf004de7009e2d27b49d27b9622eed7e3433321c15c5a5a03882defb83c07,worldToShadowMatrix;shadowBluriness;objectToScreenMatrix
base/standardglowstatict.ssh,4,0x000200c9,2996,pixel,5_0,09eca2cf1d39facd82c7b7e8bd7dfa6abbc8f7e28bff53d913474818c44e2b54,worldToShadowMatrix;shadowBluriness;objectToScreenMatrix
base/standardglowstatict.ssh,5,0x00020e09,4060,vertex,5_0,3d69669aa89072579f64f743fd2fe80fc367745becdb251a775fabf758c5f02d,worldToShadowMatrix;shadowBluriness;objectToScreenMatrix
base/standardglowstatict.ssh,6,0x00021f47,4476,pixel,5_0,6c62a7b19c0e946fe389be2bf38fc2288158f73e0e3f733318fb0b8dd88df0cf,worldToShadowMatrix;shadowBluriness;objectToScreenMatrix
base/standardglowstatict.ssh,7,0x0002321f,3976,pixel,5_0,6ba8cd3490b8d9bb4ab16dc8c73747be55d9a96b92b5ddf6cd30386587366bb9,worldToShadowMatrix;shadowBluriness;objectToScreenMatrix
base/standardglowstatict.ssh,8,0x00024393,4244,vertex,5_0,960245f8ce4636d141445d38f439d8499cbf5795b274fee225486f871ff5faf6,worldToShadowMatrix;shadowBluriness;objectToScreenMatrix
base/standardglowstatict.ssh,9,0x00025589,4256,pixel,5_0,fc0428b8e49f39a4d09166c46206ba425b470f9d33d4a6451a2186c0e4900165,worldToShadowMatrix;shadowBluriness;objectToScreenMatrix
base/standardglowstatict.ssh,10,0x00026785,3796,pixel,5_0,be06392188d112b18580132c0651cb6fd8d768ebd44a5df1c10246f6dc8205d3,worldToShadowMatrix;shadowBluriness;objectToScreenMatrix
base/standardglowstatict.ssh,11,0x00027845,2432,vertex,5_0,29b7453d857eb25cf256147c0539b76d26d91a4a4ce7ecbce08fd790c41f78d4,worldToShadowMatrix;shadowBluriness;objectToScreenMatrix
base/standardglowstatict.ssh,13,0x00028587,2296,vertex,5_0,a73ee96641ad947f7f33144b87c809075cafc534ef100e2a53ec701a5442baf7,worldToShadowMatrix;shadowBluriness;objectToScreenMatrix
base/standardglowstatict.ssh,16,0x000295a1,3016,vertex,5_0,0423bb7e24e3023abd067688e041166e45be8ec6b1030cff888d171a50796f81,worldToShadowMatrix;shadowBluriness;objectToScreenMatrix
base/standardglowstatict.ssh,17,0x0002a2db,2636,pixel,5_0,6737c7fdcdf983d4270addf1139f85b08864ea9c42b1a93d35588ec922e8e864,worldToShadowMatrix;shadowBluriness;objectToScreenMatrix;baseMap
base/standardglowwiggleskinned.ssh,1,0x0002ef9b,4408,vertex,5_0,76c439dcf54a5aaaa55db35c177587c525d278e56e20476ef7cf8a530c383433,worldToShadowMatrix;shadowBluriness;objectToScreenMatrix;boneMatrix
base/standardglowwiggleskinned.ssh,2,0x00030258,2676,pixel,5_0,77a4199b9bc1d816ae88af1a2f229c644c4f42139103e4ea5064ad4ac8e561ac,worldToShadowMatrix;shadowBluriness;objectToScreenMatrix;boneMatrix
base/standardglowwiggleskinned.ssh,3,0x00030e58,4568,vertex,5_0,17f576f772991e86286776dc1cb23b5eb5bf1d872bbadd9e0131eff198d41e7f,worldToShadowMatrix;shadowBluriness;objectToScreenMatrix;boneMatrix
base/standardglowwiggleskinned.ssh,4,0x000321b5,3720,pixel,5_0,d03bc0b94c1249538c2cc1deddfd63fc1eb0e17450d403f5895eeabacff438a4,worldToShadowMatrix;shadowBluriness;objectToScreenMatrix;boneMatrix
base/standardglowwiggleskinned.ssh,5,0x000331c9,5388,vertex,5_0,f5ef5eb766b6a335c832c455f10c26bd37a9d0f55a6b8af87d2dabc116ef44d8,worldToShadowMatrix;shadowBluriness;objectToScreenMatrix;boneMatrix
base/standardglowwiggleskinned.ssh,6,0x0003485a,4548,pixel,5_0,ea7e721879cbb333c46c4f78cb6a5d4ea4b8d1a7bdda999b40512187c00d515f,worldToShadowMatrix;shadowBluriness;objectToScreenMatrix;boneMatrix
base/standardglowwiggleskinned.ssh,7,0x00035ba2,3548,vertex,5_0,a4b70bba5baadca170caab3c843ec6b74830aa9f6bf259458c1b5955c35cd1a2,worldToShadowMatrix;shadowBluriness;objectToScreenMatrix;boneMatrix
base/standardglowwiggleskinned.ssh,9,0x00036d83,4624,vertex,5_0,851afb569d950f392165f459f22736537518c08f255fd3c3a61dc6a316150d96,worldToShadowMatrix;shadowBluriness;objectToScreenMatrix;boneMatrix
base/standardglowwiggleskinned.ssh,10,0x00038128,2780,pixel,5_0,0033ff63c69bab696dbc1bb9c40bae087951057e4d38e9933f6428ae018b6c7a,worldToShadowMatrix;shadowBluriness;objectToScreenMatrix;boneMatrix;baseMap
base/standardglowwigglestatic.ssh,1,0x00026b13,3388,vertex,5_0,fb8434845a3a8589c8d6ac8b60f867314991ceea77c9fed017ee2c017b65791a,worldToShadowMatrix;shadowBluriness;objectToScreenMatrix
base/standardglowwigglestatic.ssh,2,0x000279c2,2576,pixel,5_0,8c8b495a1d474398f6d7b85c3240840b7dab438051f6d758db5a3d3158d8d511,worldToShadowMatrix;shadowBluriness;objectToScreenMatrix
base/standardglowwigglestatic.ssh,3,0x0002854e,3308,vertex,5_0,eee2510d76ffaa1b8c8491092441ed367c081507439041d8bb607599a74b3bf3,worldToShadowMatrix;shadowBluriness;objectToScreenMatrix
base/standardglowwigglestatic.ssh,4,0x000293ad,3620,pixel,5_0,d6e11597a3a92ad9f1d73ed2962d9613e59bd7e5c6362cfe9f0b6107651c8636,worldToShadowMatrix;shadowBluriness;objectToScreenMatrix
base/standardglowwigglestatic.ssh,5,0x0002a34d,4136,vertex,5_0,b57ce580a9ea04b16f720ff964f5d8000c529ada471c4a9d06969ac78fb2f87d,worldToShadowMatrix;shadowBluriness;objectToScreenMatrix
base/standardglowwigglestatic.ssh,6,0x0002b4e8,4448,pixel,5_0,bf662bd7f1e1904159b5d3bdbb419cdf0321cac43a3f87b248ba1ba174a0b92a,worldToShadowMatrix;shadowBluriness;objectToScreenMatrix
base/standardglowwigglestatic.ssh,7,0x0002c7bc,2648,vertex,5_0,06231928cfd0e850544b62a43af085065145e3cadd509afde3888df87830dcfc,worldToShadowMatrix;shadowBluriness;objectToScreenMatrix
base/standardglowwigglestatic.ssh,9,0x0002d607,3368,vertex,5_0,b09d2e70bf83046172fed99eff621b27637879a51f4b6b8c7fc73b1aa0ece188,worldToShadowMatrix;shadowBluriness;objectToScreenMatrix
base/standardglowwigglestatic.ssh,10,0x0002e4b2,2684,pixel,5_0,4fdbbdc7b68008fc7ac02b5077645b3eeb99e5ab38b9c519a1ea9cf6bd8ea9ac,worldToShadowMatrix;shadowBluriness;objectToScreenMatrix;baseMap
base/standardglowwigglestaticnoculling.ssh,1,0x00026b13,3388,vertex,5_0,fb8434845a3a8589c8d6ac8b60f867314991ceea77c9fed017ee2c017b65791a,worldToShadowMatrix;shadowBluriness;objectToScreenMatrix
base/standardglowwigglestaticnoculling.ssh,2,0x000279c2,2576,pixel,5_0,8c8b495a1d474398f6d7b85c3240840b7dab438051f6d758db5a3d3158d8d511,worldToShadowMatrix;shadowBluriness;objectToScreenMatrix
base/standardglowwigglestaticnoculling.ssh,3,0x0002854e,3308,vertex,5_0,eee2510d76ffaa1b8c8491092441ed367c081507439041d8bb607599a74b3bf3,worldToShadowMatrix;shadowBluriness;objectToScreenMatrix
base/standardglowwigglestaticnoculling.ssh,4,0x000293ad,3620,pixel,5_0,d6e11597a3a92ad9f1d73ed2962d9613e59bd7e5c6362cfe9f0b6107651c8636,worldToShadowMatrix;shadowBluriness;objectToScreenMatrix
base/standardglowwigglestaticnoculling.ssh,5,0x0002a34d,4136,vertex,5_0,b57ce580a9ea04b16f720ff964f5d8000c529ada471c4a9d06969ac78fb2f87d,worldToShadowMatrix;shadowBluriness;objectToScreenMatrix
base/standardglowwigglestaticnoculling.ssh,6,0x0002b4e8,4448,pixel,5_0,bf662bd7f1e1904159b5d3bdbb419cdf0321cac43a3f87b248ba1ba174a0b92a,worldToShadowMatrix;shadowBluriness;objectToScreenMatrix
base/standardglowwigglestaticnoculling.ssh,7,0x0002c7bc,2648,vertex,5_0,06231928cfd0e850544b62a43af085065145e3cadd509afde3888df87830dcfc,worldToShadowMatrix;shadowBluriness;objectToScreenMatrix
base/standardglowwigglestaticnoculling.ssh,9,0x0002d607,3368,vertex,5_0,b09d2e70bf83046172fed99eff621b27637879a51f4b6b8c7fc73b1aa0ece188,worldToShadowMatrix;shadowBluriness;objectToScreenMatrix
base/standardglowwigglestaticnoculling.ssh,10,0x0002e4b2,2684,pixel,5_0,4fdbbdc7b68008fc7ac02b5077645b3eeb99e5ab38b9c519a1ea9cf6bd8ea9ac,worldToShadowMatrix;shadowBluriness;objectToScreenMatrix;baseMap
base/standardscroll.ssh,1,0x0001bcdd,2912,vertex,5_0,2ac77321aba20c2dddfec538c0c1a547e235cf919fd510c2ef52fa12ff7fe2fa,worldToShadowMatrix;shadowBluriness;objectToScreenMatrix
base/standardscroll.ssh,2,0x0001c95f,2340,pixel,5_0,bc2ddbd32d646ac21285cc7b79f7ea5c22dad98b66a46752ca7e4c4dbbb7ff6d,worldToShadowMatrix;shadowBluriness;objectToScreenMatrix
base/standardscroll.ssh,3,0x0001d3af,2832,vertex,5_0,82cf7ceb1a11042b883a4678d5bda139c2961039fbf4b68fef5f6fbd424adca3,worldToShadowMatrix;shadowBluriness;objectToScreenMatrix
base/standardscroll.ssh,4,0x0001dfe1,3184,pixel,5_0,4a7b8233096a6b0482686e100fd6cffa0203af7180741e493cf8e86a35b77c55,worldToShadowMatrix;shadowBluriness;objectToScreenMatrix
base/standardscroll.ssh,5,0x0001ed7d,3660,vertex,5_0,9fcb1597e6400288283863c00670641ac640d10ae507cb52af059676b32cf270,worldToShadowMatrix;shadowBluriness;objectToScreenMatrix
base/standardscroll.ssh,6,0x0001fceb,4012,pixel,5_0,f1a493c3baa1fdcf9ff9c9151cc923171b78cacc4026923fd93236f685deb99f,worldToShadowMatrix;shadowBluriness;objectToScreenMatrix
base/standardscroll.ssh,7,0x00020dbb,2108,vertex,5_0,1d95e80ae99edb1fcd3b568e989e461b6354b12ae161e049a400c1fa6621a82e,worldToShadowMatrix;shadowBluriness;objectToScreenMatrix
base/standardscroll.ssh,9,0x00021999,2892,vertex,5_0,822c7fab28c9fce21342a1051823e94dbba33c27a8b207e90a5911fa456829f2,worldToShadowMatrix;shadowBluriness;objectToScreenMatrix
base/standardscroll.ssh,10,0x00022617,2448,pixel,5_0,adf55928e0c75a925ad1b244f52f368cf7fcf9d94a0ad4d8f105a297cf8d42b7,worldToShadowMatrix;shadowBluriness;objectToScreenMatrix;baseMap
base/standardscrollvertexcolorsatic.ssh,1,0x0001d407,3044,vertex,5_0,ba4c17319b4294e47956781fd38308bc05df8ec7b3bd1a4db30e585a4e1d88f4,worldToShadowMatrix;shadowBluriness;objectToScreenMatrix
base/standardscrollvertexcolorsatic.ssh,2,0x0001e11e,2432,pixel,5_0,7ffb1a911f209d26ac1c651b0b3f6db3c0a6c4880ed7b91ffcd734749a8128a8,worldToShadowMatrix;shadowBluriness;objectToScreenMatrix
base/standardscrollvertexcolorsatic.ssh,3,0x0001ebea,2992,vertex,5_0,3ace252586f9ceb10dd916af0c74f6379ef5b2cdd9b5886925e7abd7744c5f0a,worldToShadowMatrix;shadowBluriness;objectToScreenMatrix
base/standardscrollvertexcolorsatic.ssh,4,0x0001f8cd,3472,pixel,5_0,2779a646be3271ca84245e1f56dcc27c4c06ebfc94186c2511f36795a549ec9f,worldToShadowMatrix;shadowBluriness;objectToScreenMatrix
base/standardscrollvertexcolorsatic.ssh,5,0x000207d9,3820,vertex,5_0,4ea822d57dc994062beb8d71921e31b2aaddc35dd5a2716e1593f3d4222b6c91,worldToShadowMatrix;shadowBluriness;objectToScreenMatrix
base/standardscrollvertexcolorsatic.ssh,6,0x000217f8,4140,pixel,5_0,8e6e045058c7625741d3b715b3a26eb8469e94df65220da14057a00c0f5a176b,worldToShadowMatrix;shadowBluriness;objectToScreenMatrix
base/standardscrollvertexcolorsatic.ssh,7,0x00022958,2200,vertex,5_0,1004dbea4e004631b33a3acdabebb1372ab0cacceaa05658665403abf5f6b774,worldToShadowMatrix;shadowBluriness;objectToScreenMatrix
base/standardscrollvertexcolorsatic.ssh,9,0x000235a3,3056,vertex,5_0,274f7e4a7a06d9a06ee2274835fd9b3a8793c5cd163d721962eadac302351fd9,worldToShadowMatrix;shadowBluriness;objectToScreenMatrix
base/standardscrollvertexcolorsatic.ssh,10,0x000242d6,2580,pixel,5_0,e1ae8c94e21ea92c3286f592c9cd0e6eac9821129a09a172fb8e85884bdd9c86,worldToShadowMatrix;shadowBluriness;objectToScreenMatrix;baseMap
base/standardscrollvertexcolorskinned.ssh,1,0x000254a7,4044,vertex,5_0,44502088c08758cee561e263f1f38c72222dc1fb686bc8498110a832688ec9a8,worldToShadowMatrix;shadowBluriness;objectToScreenMatrix;boneMatrix
base/standardscrollvertexcolorskinned.ssh,2,0x000265b8,2532,pixel,5_0,1ab4999471ca773869d729dd5d888ee4290b0ed3a26b0d5bdb1e6be0ccb64da6,worldToShadowMatrix;shadowBluriness;objectToScreenMatrix;boneMatrix
base/standardscrollvertexcolorskinned.ssh,3,0x000270f8,4232,vertex,5_0,7ec255c2819b483f55d2c8d85e547aa44eefb1eca27fcf6cb2f40b10623e10b7,worldToShadowMatrix;shadowBluriness;objectToScreenMatrix;boneMatrix
base/standardscrollvertexcolorskinned.ssh,4,0x000282c5,3572,pixel,5_0,b21b35d1b4506d81563df2e3414ae432b52ae77098afe58932dca48f4b5178db,worldToShadowMatrix;shadowBluriness;objectToScreenMatrix;boneMatrix
base/standardscrollvertexcolorskinned.ssh,5,0x00029245,5052,vertex,5_0,fab7f6bdda4b5ad87aecf5284d95164ae5538e135e6773e1848acaf9182b4e61,worldToShadowMatrix;shadowBluriness;objectToScreenMatrix;boneMatrix
base/standardscrollvertexcolorskinned.ssh,6,0x0002a746,4240,pixel,5_0,ebad13cf2e930c4c51f770cfa46b4bbc72db8e98a88e19a15a1669ce578505be,worldToShadowMatrix;shadowBluriness;objectToScreenMatrix;boneMatrix
base/standardscrollvertexcolorskinned.ssh,7,0x0002b91a,3080,vertex,5_0,f847567ea322ec2dc07a6ab1ed993185ebe9704158ca90996de6185e1852f925,worldToShadowMatrix;shadowBluriness;objectToScreenMatrix;boneMatrix
base/standardscrollvertexcolorskinned.ssh,9,0x0002c8e7,4292,vertex,5_0,65dc727de7c1c9b936b7386a3feb2128d9c7ebb0dbc84ed028942a81181486df,worldToShadowMatrix;shadowBluriness;objectToScreenMatrix;boneMatrix
base/standardscrollvertexcolorskinned.ssh,10,0x0002db00,2676,pixel,5_0,1edc708cd76862e918025595aff26778b620b260e57d1e0edb59c7a123afde5b,worldToShadowMatrix;shadowBluriness;objectToScreenMatrix;boneMatrix;baseMap
base/standardscrollvertexcolorstatic.ssh,1,0x0001d407,3044,vertex,5_0,ba4c17319b4294e47956781fd38308bc05df8ec7b3bd1a4db30e585a4e1d88f4,worldToShadowMatrix;shadowBluriness;objectToScreenMatrix
base/standardscrollvertexcolorstatic.ssh,2,0x0001e11e,2432,pixel,5_0,7ffb1a911f209d26ac1c651b0b3f6db3c0a6c4880ed7b91ffcd734749a8128a8,worldToShadowMatrix;shadowBluriness;objectToScreenMatrix
base/standardscrollvertexcolorstatic.ssh,3,0x0001ebea,2992,vertex,5_0,3ace252586f9ceb10dd916af0c74f6379ef5b2cdd9b5886925e7abd7744c5f0a,worldToShadowMatrix;shadowBluriness;objectToScreenMatrix
base/standardscrollvertexcolorstatic.ssh,4,0x0001f8cd,3472,pixel,5_0,2779a646be3271ca84245e1f56dcc27c4c06ebfc94186c2511f36795a549ec9f,worldToShadowMatrix;shadowBluriness;objectToScreenMatrix
base/standardscrollvertexcolorstatic.ssh,5,0x000207d9,3820,vertex,5_0,4ea822d57dc994062beb8d71921e31b2aaddc35dd5a2716e1593f3d4222b6c91,worldToShadowMatrix;shadowBluriness;objectToScreenMatrix
base/standardscrollvertexcolorstatic.ssh,6,0x000217f8,4140,pixel,5_0,8e6e045058c7625741d3b715b3a26eb8469e94df65220da14057a00c0f5a176b,worldToShadowMatrix;shadowBluriness;objectToScreenMatrix
base/standardscrollvertexcolorstatic.ssh,7,0x00022958,2200,vertex,5_0,1004dbea4e004631b33a3acdabebb1372ab0cacceaa05658665403abf5f6b774,worldToShadowMatrix;shadowBluriness;objectToScreenMatrix
base/standardscrollvertexcolorstatic.ssh,9,0x000235a3,3056,vertex,5_0,274f7e4a7a06d9a06ee2274835fd9b3a8793c5cd163d721962eadac302351fd9,worldToShadowMatrix;shadowBluriness;objectToScreenMatrix
base/standardscrollvertexcolorstatic.ssh,10,0x000242d6,2580,pixel,5_0,e1ae8c94e21ea92c3286f592c9cd0e6eac9821129a09a172fb8e85884bdd9c86,worldToShadowMatrix;shadowBluriness;objectToScreenMatrix;baseMap
base/standardskinned.ssh,1,0x00022b61,3748,vertex,5_0,14e3f315b241f54b0e6c811d8d45e637040ba056e6ab21351f6e927007741632,worldToShadowMatrix;shadowBluriness;objectToScreenMatrix;boneMatrix
base/standardskinned.ssh,2,0x00023b29,2344,pixel,5_0,54746421680fdbc21b2dce1a7e9302fe2d351a6b7752be382ef10685397b4269,worldToShadowMatrix;shadowBluriness;objectToScreenMatrix;boneMatrix
base/standardskinned.ssh,3,0x0002457d,3908,vertex,5_0,71bd7bb03aaab72b1035ef4fd5850f38cef862b38d40c9f3184a3025d545ef0b,worldToShadowMatrix;shadowBluriness;objectToScreenMatrix;boneMatrix
base/standardskinned.ssh,4,0x000255e5,3188,pixel,5_0,dcdd6211f04dafcc0f90cb24095b9368c735e35e919f5607715c0173c90f3a64,worldToShadowMatrix;shadowBluriness;objectToScreenMatrix;boneMatrix
base/standardskinned.ssh,5,0x00026385,4728,vertex,5_0,56100773b905c42293603099b2ef314915c9bdcb588be5521981e9eca9eed7f8,worldToShadowMatrix;shadowBluriness;objectToScreenMatrix;boneMatrix
base/standardskinned.ssh,6,0x00027721,4016,pixel,5_0,28f829a29f4a3b6bf7af36aee9fcfd1d08bc35d1f0005986d409f7231e56c1a2,worldToShadowMatrix;shadowBluriness;objectToScreenMatrix;boneMatrix
base/standardskinned.ssh,7,0x000287f5,2888,vertex,5_0,3eb52bd4ca6301b81a07f238f6719022f09d83a24244adb3f16ea445bf2810fe,worldToShadowMatrix;shadowBluriness;objectToScreenMatrix;boneMatrix
base/standardskinned.ssh,9,0x000296e1,3964,vertex,5_0,baf467f8b2018fcc413f88366ce53fdc1bf6af97feed197c85a21386eb1dbde7,worldToShadowMatrix;shadowBluriness;objectToScreenMatrix;boneMatrix
base/standardskinned.ssh,10,0x0002a791,2448,pixel,5_0,08be237603c8872fc3b1cb935e98944996bb3e51330b1518539bd20a19ed467b,worldToShadowMatrix;shadowBluriness;objectToScreenMatrix;boneMatrix;baseMap
base/standardskinnedfresnel.ssh,1,0x0002303f,3804,vertex,5_0,2317cea3c4d61b4b6db70f19921fd93a049453a902ea451688b452bbb9f9e2e8,worldToShadowMatrix;shadowBluriness;objectToScreenMatrix;boneMatrix
base/standardskinnedfresnel.ssh,2,0x0002404f,2400,pixel,5_0,8aca36030aff70089f4300c3345d1e1d737102699c779ef12499cc7215a276ea,worldToShadowMatrix;shadowBluriness;objectToScreenMatrix;boneMatrix
base/standardskinnedfresnel.ssh,3,0x00024aeb,3964,vertex,5_0,6852b9ead5f71f166e96489a41eae5806ca76f3598559a0dd7e801ed78287c13,worldToShadowMatrix;shadowBluriness;objectToScreenMatrix;boneMatrix
base/standardskinnedfresnel.ssh,4,0x00025b9b,3244,pixel,5_0,0fd6e95d1e410cfbe8a2d58b4faa23f5386647fffe13ba1816f361b1c4fc1464,worldToShadowMatrix;shadowBluriness;objectToScreenMatrix;boneMatrix
base/standardskinnedfresnel.ssh,5,0x00026983,4784,vertex,5_0,dd4c557fbe8513b36d7777266acfb118adaacba3495d79abf1ce48956178d163,worldToShadowMatrix;shadowBluriness;objectToScreenMatrix;boneMatrix
base/standardskinnedfresnel.ssh,6,0x00027d67,4236,pixel,5_0,461f6bcd6c2133831e248984abbec62f7f19daea3a90540d8142ffe1c12d4fe8,worldToShadowMatrix;shadowBluriness;objectToScreenMatrix;boneMatrix
base/standardskinnedfresnel.ssh,7,0x00028f27,2944,vertex,5_0,ad8001ed5ae384e73fe1fe9200bbf5b59a0fc5481922f5920ac6d6826f26870e,worldToShadowMatrix;shadowBluriness;objectToScreenMatrix;boneMatrix
base/standardskinnedfresnel.ssh,9,0x00029e5b,4020,vertex,5_0,6a44a979cd4537057debea06337a9599ddaf045dab70610c10241f13574afcad,worldToShadowMatrix;shadowBluriness;objectToScreenMatrix;boneMatrix
base/standardskinnedfresnel.ssh,10,0x0002af53,2504,pixel,5_0,012085d8071911a7709e1ca2e163916ece1245e7d2aa3ce50c1131b15c071f00,worldToShadowMatrix;shadowBluriness;objectToScreenMatrix;boneMatrix;baseMap
base/standardskinnednoculling.ssh,1,0x00022b61,3748,vertex,5_0,14e3f315b241f54b0e6c811d8d45e637040ba056e6ab21351f6e927007741632,worldToShadowMatrix;shadowBluriness;objectToScreenMatrix;boneMatrix
base/standardskinnednoculling.ssh,2,0x00023b29,2344,pixel,5_0,54746421680fdbc21b2dce1a7e9302fe2d351a6b7752be382ef10685397b4269,worldToShadowMatrix;shadowBluriness;objectToScreenMatrix;boneMatrix
base/standardskinnednoculling.ssh,3,0x0002457d,3908,vertex,5_0,71bd7bb03aaab72b1035ef4fd5850f38cef862b38d40c9f3184a3025d545ef0b,worldToShadowMatrix;shadowBluriness;objectToScreenMatrix;boneMatrix
base/standardskinnednoculling.ssh,4,0x000255e5,3188,pixel,5_0,dcdd6211f04dafcc0f90cb24095b9368c735e35e919f5607715c0173c90f3a64,worldToShadowMatrix;shadowBluriness;objectToScreenMatrix;boneMatrix
base/standardskinnednoculling.ssh,5,0x00026385,4728,vertex,5_0,56100773b905c42293603099b2ef314915c9bdcb588be5521981e9eca9eed7f8,worldToShadowMatrix;shadowBluriness;objectToScreenMatrix;boneMatrix
base/standardskinnednoculling.ssh,6,0x00027721,4016,pixel,5_0,28f829a29f4a3b6bf7af36aee9fcfd1d08bc35d1f0005986d409f7231e56c1a2,worldToShadowMatrix;shadowBluriness;objectToScreenMatrix;boneMatrix
base/standardskinnednoculling.ssh,7,0x000287f5,2888,vertex,5_0,3eb52bd4ca6301b81a07f238f6719022f09d83a24244adb3f16ea445bf2810fe,worldToShadowMatrix;shadowBluriness;objectToScreenMatrix;boneMatrix
base/standardskinnednoculling.ssh,9,0x000296e1,3964,vertex,5_0,baf467f8b2018fcc413f88366ce53fdc1bf6af97feed197c85a21386eb1dbde7,worldToShadowMatrix;shadowBluriness;objectToScreenMatrix;boneMatrix
base/standardskinnednoculling.ssh,10,0x0002a791,2448,pixel,5_0,08be237603c8872fc3b1cb935e98944996bb3e51330b1518539bd20a19ed467b,worldToShadowMatrix;shadowBluriness;objectToScreenMatrix;boneMatrix;baseMap
base/standardskinnedt.ssh,1,0x000273a5,4032,vertex,5_0,d7f765c7bde500a0ec3946f70882745ba541cec675cdd8955a1d80dea8059276,worldToShadowMatrix;shadowBluriness;objectToScreenMatrix;boneMatrix
base/standardskinnedt.ssh,2,0x000284d9,2560,pixel,5_0,5cf012073550bd9f7fdb60e9fc2a1234cb140ece9510c888df6f12b181f4707b,worldToShadowMatrix;shadowBluriness;objectToScreenMatrix;boneMatrix
base/standardskinnedt.ssh,3,0x00029065,3712,vertex,5_0,ef6c842ca1b66453a511c95c23a32ea673ae273ebe32275a72a3362a643d84fa,worldToShadowMatrix;shadowBluriness;objectToScreenMatrix;boneMatrix
base/standardskinnedt.ssh,4,0x0002a059,2892,pixel,5_0,575365e3b8621dab88803ed5cddb66bcf4b14b3ceeb297d4aa4ff2e6eda56629,worldToShadowMatrix;shadowBluriness;objectToScreenMatrix;boneMatrix
base/standardskinnedt.ssh,5,0x0002ad41,5288,vertex,5_0,db0ed1bb650e331a19dcd0a353bab2307484f95ee6ec829555fbb59b13d698d7,worldToShadowMatrix;shadowBluriness;objectToScreenMatrix;boneMatrix
base/standardskinnedt.ssh,6,0x0002c35d,4376,pixel,5_0,e64d50aab36c171db2e8c1e0769066cf877fa1c13cc3ad0b34e1dade79947a37,worldToShadowMatrix;shadowBluriness;objectToScreenMatrix;boneMatrix
base/standardskinnedt.ssh,7,0x0002d5e1,4076,pixel,5_0,1d46d6a4fb915076148b0d65778abba1ce074db39e52039490ba63f08721fb4b,worldToShadowMatrix;shadowBluriness;objectToScreenMatrix;boneMatrix
base/standardskinnedt.ssh,8,0x0002e7c9,5480,vertex,5_0,95feb593d65b15595974240362da94eb050c562c3d7e90ee4975ba60a7963f4e,worldToShadowMatrix;shadowBluriness;objectToScreenMatrix;boneMatrix
base/standardskinnedt.ssh,9,0x0002fea5,4156,pixel,5_0,22df26712ef01e4eb75959695bf02964b947002a1b5c5af1d635b8c2546c4837,worldToShadowMatrix;shadowBluriness;objectToScreenMatrix;boneMatrix
base/standardskinnedt.ssh,10,0x0003104d,3896,pixel,5_0,71edd2b877cd1fbd6d6f6224a2bfaef1575c5f9b56f476b1900b61af4293eceb,worldToShadowMatrix;shadowBluriness;objectToScreenMatrix;boneMatrix
base/standardskinnedt.ssh,11,0x00032181,3308,vertex,5_0,42c8d97cb853184df611f1512265c9fc1011e2184084e9debf5c5c4d39841087,worldToShadowMatrix;shadowBluriness;objectToScreenMatrix;boneMatrix
base/standardskinnedt.ssh,13,0x00033241,3172,vertex,5_0,1f0c4d8bcffee6e733a549cf6cc19caa72eaa047de92b3f93a872ad9846abc0c,worldToShadowMatrix;shadowBluriness;objectToScreenMatrix;boneMatrix
base/standardskinnedt.ssh,16,0x000345d9,4248,vertex,5_0,bb4f67a06d0a5ef52d49ec49b5d3f0acc0b6f0fa78972e81a71296940a2756f9,worldToShadowMatrix;shadowBluriness;objectToScreenMatrix;boneMatrix
base/standardskinnedt.ssh,17,0x000357f5,2732,pixel,5_0,f7454d836e9302ce2846fd46812acee241541a0834b85db4cd7074074e1d4d9c,worldToShadowMatrix;shadowBluriness;objectToScreenMatrix;boneMatrix;baseMap
base/standardstatic.ssh,1,0x0001aa79,2752,vertex,5_0,c350e95e0b72546dd1c77c2d964175c9d08a5d828084cd5e9c82f5aa2863432e,worldToShadowMatrix;shadowBluriness;objectToScreenMatrix
base/standardstatic.ssh,2,0x0001b64b,2244,pixel,5_0,00ece9a6e44899761b698d6464d081d5d74f6a9a812a8cfbde3bb52243321360,worldToShadowMatrix;shadowBluriness;objectToScreenMatrix
base/standardstatic.ssh,3,0x0001c02b,2672,vertex,5_0,383897708fc53f2fca3dd0f43ecd48ca4cb09be81938ca5c9a17bbf6bb0cfdb2,worldToShadowMatrix;shadowBluriness;objectToScreenMatrix
base/standardstatic.ssh,4,0x0001cbad,3088,pixel,5_0,ef4ebe8f3ca823a89d1275abec09945fc1222fb2f043ef4e7483ad8b92cab5d7,worldToShadowMatrix;shadowBluriness;objectToScreenMatrix
base/standardstatic.ssh,5,0x0001d8d9,3500,vertex,5_0,cf9a07fe4709fdd9a78635d5b39b1f6a9f39dd94a87dd9df2ab41632ec2528a2,worldToShadowMatrix;shadowBluriness;objectToScreenMatrix
base/standardstatic.ssh,6,0x0001e797,3916,pixel,5_0,fb0a49d5af0a68e53f3c0084e9094881425674084e8780fb403be8606e607eb6,worldToShadowMatrix;shadowBluriness;objectToScreenMatrix
base/standardstatic.ssh,7,0x0001f7f7,2012,vertex,5_0,3ea33b9a6000d6d710b83e70cf5857e80409b33f865f2fab3f83674507ecf464,worldToShadowMatrix;shadowBluriness;objectToScreenMatrix
base/standardstatic.ssh,9,0x00020365,2732,vertex,5_0,829f08311bc03895d672211fd4ceb64e0d1dfa9d3b9e49923ed139a2a1ef5eda,worldToShadowMatrix;shadowBluriness;objectToScreenMatrix
base/standardstatic.ssh,10,0x00020f33,2352,pixel,5_0,bea3ce8b5272ada38f1255d640784ae214548da0a45c9317bc99ba50ae5a948f,worldToShadowMatrix;shadowBluriness;objectToScreenMatrix;baseMap
base/standardstaticfresnel.ssh,1,0x0001af9f,2808,vertex,5_0,d928bfaa3d7359b67bd03068250d912cac2b03b579d9d8ddcc5f9190c43cfc0e,worldToShadowMatrix;shadowBluriness;objectToScreenMatrix
base/standardstaticfresnel.ssh,2,0x0001bbb9,2300,pixel,5_0,ed37912721da1ceeb25187a2f8fde05658b27b65bb3ca43644cf86319f91fcbf,worldToShadowMatrix;shadowBluriness;objectToScreenMatrix
base/standardstaticfresnel.ssh,3,0x0001c5e1,2728,vertex,5_0,8df312bb40d64875b715b1b94a53819b2c4a3119002d48f706cd50c514d9513d,worldToShadowMatrix;shadowBluriness;objectToScreenMatrix
base/standardstaticfresnel.ssh,4,0x0001d1ab,3144,pixel,5_0,9967e2212328224f2da301732171dcfbe6dd02ee6f25504d815ba9feefff26fb,worldToShadowMatrix;shadowBluriness;objectToScreenMatrix
base/standardstaticfresnel.ssh,5,0x0001df1f,3556,vertex,5_0,67f50b745be5e6d0d75297897f229a2081215f2cf3367f83b612664c1e0b0ab9,worldToShadowMatrix;shadowBluriness;objectToScreenMatrix
base/standardstaticfresnel.ssh,6,0x0001ee25,4136,pixel,5_0,e6c739e3d9084e94e46cacf3a2c6f7448c02022f118e797d4b71367e69021ef5,worldToShadowMatrix;shadowBluriness;objectToScreenMatrix
base/standardstaticfresnel.ssh,7,0x0001ff71,2068,vertex,5_0,dbc60c18320ef97a1d750423de14e45116e5ae84412ffb05540c076335296e79,worldToShadowMatrix;shadowBluriness;objectToScreenMatrix
base/standardstaticfresnel.ssh,9,0x00020b27,2788,vertex,5_0,65718b44942083dada008fa53dd3a2cbcd0c954c2c0569c20a9046cc56a7445f,worldToShadowMatrix;shadowBluriness;objectToScreenMatrix
base/standardstaticfresnel.ssh,10,0x0002173d,2408,pixel,5_0,d07e76216816a4d96203cffc5e4f6977fa49dad4b70c613d43f2f9028b37787d,worldToShadowMatrix;shadowBluriness;objectToScreenMatrix;baseMap
base/standardstatict.ssh,1,0x0001f255,3036,vertex,5_0,1233ea39a893444e9c1e4154c2a592862fc1dffac72d6c300e85931747b0ac0d,worldToShadowMatrix;shadowBluriness;objectToScreenMatrix
base/standardstatict.ssh,2,0x0001ff93,2460,pixel,5_0,9db8dc0bd237359651047794ff94fd61ea749188c8230f1938251dca1978d7fc,worldToShadowMatrix;shadowBluriness;objectToScreenMatrix
base/standardstatict.ssh,3,0x00020aab,2468,vertex,5_0,18bdf004de7009e2d27b49d27b9622eed7e3433321c15c5a5a03882defb83c07,worldToShadowMatrix;shadowBluriness;objectToScreenMatrix
base/standardstatict.ssh,4,0x000215b1,2792,pixel,5_0,adecdfab58c78098d4de722eb4a57d98099368c59c157083e0782f74b325a38b,worldToShadowMatrix;shadowBluriness;objectToScreenMatrix
base/standardstatict.ssh,5,0x00022225,4060,vertex,5_0,3d69669aa89072579f64f743fd2fe80fc367745becdb251a775fabf758c5f02d,worldToShadowMatrix;shadowBluriness;objectToScreenMatrix
base/standardstatict.ssh,6,0x00023363,4276,pixel,5_0,95042c6e32d569ceafdf9691753787ada80029adfd69d88fa03964ac21b835fa,worldToShadowMatrix;shadowBluriness;objectToScreenMatrix
base/standardstatict.ssh,7,0x00024573,3976,pixel,5_0,6ba8cd3490b8d9bb4ab16dc8c73747be55d9a96b92b5ddf6cd30386587366bb9,worldToShadowMatrix;shadowBluriness;objectToScreenMatrix
base/standardstatict.ssh,8,0x000256e7,4244,vertex,5_0,960245f8ce4636d141445d38f439d8499cbf5795b274fee225486f871ff5faf6,worldToShadowMatrix;shadowBluriness;objectToScreenMatrix
base/standardstatict.ssh,9,0x000268dd,4056,pixel,5_0,610f63c160d1dc49903c7f15116b5024751a99bb875295eb7e1f93d9c569ba25,worldToShadowMatrix;shadowBluriness;objectToScreenMatrix
base/standardstatict.ssh,10,0x00027a11,3796,pixel,5_0,be06392188d112b18580132c0651cb6fd8d768ebd44a5df1c10246f6dc8205d3,worldToShadowMatrix;shadowBluriness;objectToScreenMatrix
base/standardstatict.ssh,11,0x00028ad1,2432,vertex,5_0,29b7453d857eb25cf256147c0539b76d26d91a4a4ce7ecbce08fd790c41f78d4,worldToShadowMatrix;shadowBluriness;objectToScreenMatrix
base/standardstatict.ssh,13,0x00029813,2296,vertex,5_0,a73ee96641ad947f7f33144b87c809075cafc534ef100e2a53ec701a5442baf7,worldToShadowMatrix;shadowBluriness;objectToScreenMatrix
base/standardstatict.ssh,16,0x0002a82d,3016,vertex,5_0,0423bb7e24e3023abd067688e041166e45be8ec6b1030cff888d171a50796f81,worldToShadowMatrix;shadowBluriness;objectToScreenMatrix
base/standardstatict.ssh,17,0x0002b567,2636,pixel,5_0,6737c7fdcdf983d4270addf1139f85b08864ea9c42b1a93d35588ec922e8e864,worldToShadowMatrix;shadowBluriness;objectToScreenMatrix;baseMap
base/standardvertexcolorskinned.ssh,1,0x0002428b,3884,vertex,5_0,173cf2d9c0b47ad20ce8ba87b62d13a55064026ac107d3909345bc44e35272f6,worldToShadowMatrix;shadowBluriness;objectToScreenMatrix;boneMatrix
base/standardvertexcolorskinned.ssh,2,0x000252ec,2436,pixel,5_0,5faf455c0a652aa9f76e63afc5a06a67ac7f655554a5abd299997be74f8f1e90,worldToShadowMatrix;shadowBluriness;objectToScreenMatrix;boneMatrix
base/standardvertexcolorskinned.ssh,3,0x00025dbc,4072,vertex,5_0,6b0dc43fa4bcd909ff36a295c57640ae30e74fd7fcfccc0df453c6f21bede377,worldToShadowMatrix;shadowBluriness;objectToScreenMatrix;boneMatrix
base/standardvertexcolorskinned.ssh,4,0x00026ed9,3476,pixel,5_0,3fb12f6df9c44799e5755981d418e2c71b55010d210f81cf78620c566c729a18,worldToShadowMatrix;shadowBluriness;objectToScreenMatrix;boneMatrix
base/standardvertexcolorskinned.ssh,5,0x00027de9,4892,vertex,5_0,0455dca61b364998fc487c8fca799700f41d281dba297046b5791bdadc69ddb7,worldToShadowMatrix;shadowBluriness;objectToScreenMatrix;boneMatrix
base/standardvertexcolorskinned.ssh,6,0x0002923a,4144,pixel,5_0,a72fc5f96837af80af39af6b229a6fc2d5ed0ec8c499c70206dba31af2fa5524,worldToShadowMatrix;shadowBluriness;objectToScreenMatrix;boneMatrix
base/standardvertexcolorskinned.ssh,7,0x0002a39e,2984,vertex,5_0,816519fd8d0d78c137f77cf6f6695e1a964f423b2d703e1d586fd91129adddb1,worldToShadowMatrix;shadowBluriness;objectToScreenMatrix;boneMatrix
base/standardvertexcolorskinned.ssh,9,0x0002b2fb,4132,vertex,5_0,6f4a15eedf3930121fcf6bf3005c6578d2c5569907487476f355918ba2ee097c,worldToShadowMatrix;shadowBluriness;objectToScreenMatrix;boneMatrix
base/standardvertexcolorskinned.ssh,10,0x0002c464,2580,pixel,5_0,87a1c5601220c11833c9b70bd47d1a748bcf1b670d0fdc190b79e51d494ae00b,worldToShadowMatrix;shadowBluriness;objectToScreenMatrix;boneMatrix;baseMap
base/standardvertexcolorstatic.ssh,1,0x0001c1eb,2884,vertex,5_0,0ef66e82a45855c51f7787733e15fccab6f3740f30e8e7524aacaf0b1524caac,worldToShadowMatrix;shadowBluriness;objectToScreenMatrix
base/standardvertexcolorstatic.ssh,2,0x0001ce52,2336,pixel,5_0,508e5b0d992c282d7332c0a80c336027847ba88e5ce5e20273a1a4eab0596412,worldToShadowMatrix;shadowBluriness;objectToScreenMatrix
base/standardvertexcolorstatic.ssh,3,0x0001d8ae,2832,vertex,5_0,23610ddac17b67517cb1b016b7376a4c0dc0c92004192fe26f2b1454190562a7,worldToShadowMatrix;shadowBluriness;objectToScreenMatrix
base/standardvertexcolorstatic.ssh,4,0x0001e4e1,3376,pixel,5_0,1cc35982ed0115cf67bf0ad05eb15367cc5adede23d5a2a77e0150b3c25274c5,worldToShadowMatrix;shadowBluriness;objectToScreenMatrix
base/standardvertexcolorstatic.ssh,5,0x0001f37d,3660,vertex,5_0,c8dd176d715ea4fe7ced11ebd5f10fc78800b671ce1d37eea79b917ed77b1227,worldToShadowMatrix;shadowBluriness;objectToScreenMatrix
base/standardvertexcolorstatic.ssh,6,0x000202ec,4044,pixel,5_0,d128a1579cef50576a1959afb3e78f9fa9a2e84b49190c90b18fd70b33dcdfaf,worldToShadowMatrix;shadowBluriness;objectToScreenMatrix
base/standardvertexcolorstatic.ssh,7,0x000213dc,2104,vertex,5_0,2d9f3973cd88fb9a45f7a8cd6589866bebccff45ca03e70a9456766eba467b63,worldToShadowMatrix;shadowBluriness;objectToScreenMatrix
base/standardvertexcolorstatic.ssh,9,0x00021fb7,2896,vertex,5_0,c17e05e9de1175c838e8d248c405f772569dd7f960e27c8c2b8a555c470d493b,worldToShadowMatrix;shadowBluriness;objectToScreenMatrix
base/standardvertexcolorstatic.ssh,10,0x00022c3a,2484,pixel,5_0,de1f09d2cdb13ee3679e6717bce898488149dd6375c5a94dcee98c8d59d6d4fa,worldToShadowMatrix;shadowBluriness;objectToScreenMatrix;baseMap
base/standardvertexcolorstatict.ssh,1,0x0001f8f1,3132,vertex,5_0,42f2eb3f6d4300adb2f240026e1bc87aade6c879b0fd0a2ded1320be75dc1349,worldToShadowMatrix;shadowBluriness;objectToScreenMatrix
base/standardvertexcolorstatict.ssh,2,0x00020690,2524,pixel,5_0,89ae6662ad8db9302cc88640378078b71d2c586e79c8d9b9da0500d30cd32925,worldToShadowMatrix;shadowBluriness;objectToScreenMatrix
base/standardvertexcolorstatict.ssh,3,0x000211e8,2564,vertex,5_0,1ae81b6ddde29b3ff1c2cdfbd397c6b02d8aebcda356cd976df495446824899a,worldToShadowMatrix;shadowBluriness;objectToScreenMatrix
base/standardvertexcolorstatict.ssh,4,0x00021d4f,2876,pixel,5_0,5cc12c478b83b619786c98c8cf0da3463a388cb02481e074114de2b9f280bce1,worldToShadowMatrix;shadowBluriness;objectToScreenMatrix
base/standardvertexcolorstatict.ssh,5,0x00022a17,4156,vertex,5_0,c048fe27d8d1eb8aac84adaee289765847fb9d94d4fdea7498b0a512169beb17,worldToShadowMatrix;shadowBluriness;objectToScreenMatrix
base/standardvertexcolorstatict.ssh,6,0x00023bb6,4340,pixel,5_0,61d6d0b245de79147833e1dd396a4eca11082fc7ed82394a34a356272f4ebbbc,worldToShadowMatrix;shadowBluriness;objectToScreenMatrix
base/standardvertexcolorstatict.ssh,7,0x00024e06,4040,pixel,5_0,0a1fafacfee0ec308ac2e4041cc5c290bbf7c40d6552189a079b24f726bba3ed,worldToShadowMatrix;shadowBluriness;objectToScreenMatrix
base/standardvertexcolorstatict.ssh,8,0x00025fba,4368,vertex,5_0,1c568022d68b80bc4cfb88484142044e4adcf91448f2d1a8cde126ddde746243,worldToShadowMatrix;shadowBluriness;objectToScreenMatrix
base/standardvertexcolorstatict.ssh,9,0x0002722d,4120,pixel,5_0,8ba45b94b90ec73a029c7e9940a15f02a883d4e9e843e1071d7e3aee03a69a7d,worldToShadowMatrix;shadowBluriness;objectToScreenMatrix
base/standardvertexcolorstatict.ssh,10,0x000283a1,3860,pixel,5_0,68ebb169565a7610eb95b7cc70e01077034436fadc9c48f6ed143403ade2f65c,worldToShadowMatrix;shadowBluriness;objectToScreenMatrix
base/standardvertexcolorstatict.ssh,11,0x000294a1,2460,vertex,5_0,f141cd3345f6695d84e3b6904b7c9d6678aeb18ea52d98acae618d136d697e2c,worldToShadowMatrix;shadowBluriness;objectToScreenMatrix
base/standardvertexcolorstatict.ssh,13,0x0002a200,2324,vertex,5_0,01fe51a802f7d2c5a9aee57a39a70dd4a2700c3346f85395e32909c6cdb2b75a,worldToShadowMatrix;shadowBluriness;objectToScreenMatrix
base/standardvertexcolorstatict.ssh,16,0x0002b237,3116,vertex,5_0,1105dfce2f3bfef96beedd259f240952e7e147d7df6da872c6f43482d483ffc4,worldToShadowMatrix;shadowBluriness;objectToScreenMatrix
base/standardvertexcolorstatict.ssh,17,0x0002bfd6,2704,pixel,5_0,fe93852204c291bb0994e6765f76cdb4b63e35492e9e83670fde986aac90140f,worldToShadowMatrix;shadowBluriness;objectToScreenMatrix;baseMap
base/standardwiggleskinned.ssh,1,0x0002e545,4408,vertex,5_0,76c439dcf54a5aaaa55db35c177587c525d278e56e20476ef7cf8a530c383433,worldToShadowMatrix;shadowBluriness;objectToScreenMatrix;boneMatrix
base/standardwiggleskinned.ssh,2,0x0002f802,2676,pixel,5_0,77a4199b9bc1d816ae88af1a2f229c644c4f42139103e4ea5064ad4ac8e561ac,worldToShadowMatrix;shadowBluriness;objectToScreenMatrix;boneMatrix
base/standardwiggleskinned.ssh,3,0x00030402,4568,vertex,5_0,17f576f772991e86286776dc1cb23b5eb5bf1d872bbadd9e0131eff198d41e7f,worldToShadowMatrix;shadowBluriness;objectToScreenMatrix;boneMatrix
base/standardwiggleskinned.ssh,4,0x0003175f,3520,pixel,5_0,49e175acf44163ebaa804bb6d8a0ff224877ba1dce467571e18017084c6ae0ad,worldToShadowMatrix;shadowBluriness;objectToScreenMatrix;boneMatrix
base/standardwiggleskinned.ssh,5,0x000326ab,5388,vertex,5_0,f5ef5eb766b6a335c832c455f10c26bd37a9d0f55a6b8af87d2dabc116ef44d8,worldToShadowMatrix;shadowBluriness;objectToScreenMatrix;boneMatrix
base/standardwiggleskinned.ssh,6,0x00033d3c,4348,pixel,5_0,e052d82734bf41bb5f88b1c722217d8bf54fc9991a3f734aa8251e0ed41ed255,worldToShadowMatrix;shadowBluriness;objectToScreenMatrix;boneMatrix
base/standardwiggleskinned.ssh,7,0x00034fbc,3548,vertex,5_0,a4b70bba5baadca170caab3c843ec6b74830aa9f6bf259458c1b5955c35cd1a2,worldToShadowMatrix;shadowBluriness;objectToScreenMatrix;boneMatrix
base/standardwiggleskinned.ssh,9,0x0003619d,4624,vertex,5_0,851afb569d950f392165f459f22736537518c08f255fd3c3a61dc6a316150d96,worldToShadowMatrix;shadowBluriness;objectToScreenMatrix;boneMatrix
base/standardwiggleskinned.ssh,10,0x00037542,2780,pixel,5_0,0033ff63c69bab696dbc1bb9c40bae087951057e4d38e9933f6428ae018b6c7a,worldToShadowMatrix;shadowBluriness;objectToScreenMatrix;boneMatrix;baseMap
base/standardwiggleskinnedt.ssh,1,0x00032d59,4688,vertex,5_0,b961275934a92f20fae2fc849086f2af2326c776c865e2f9e01f7b1dfdaab450,worldToShadowMatrix;shadowBluriness;objectToScreenMatrix;boneMatrix
base/standardwiggleskinnedt.ssh,2,0x0003417e,2888,pixel,5_0,2703e9cefe28abf2b570572aecd5adef196042ce8fb2b32e1c4d737d32661fc7,worldToShadowMatrix;shadowBluriness;objectToScreenMatrix;boneMatrix
base/standardwiggleskinnedt.ssh,3,0x00034eb2,4368,vertex,5_0,491ddbc9a76c247ecfca1419db34892590c63639cb9b581cd68d1fc6b1808d04,worldToShadowMatrix;shadowBluriness;objectToScreenMatrix;boneMatrix
base/standardwiggleskinnedt.ssh,4,0x00036197,3220,pixel,5_0,5e4edff5295d68fb38e00deb490e1ea12f581f38f8e6421005f1d6bbbda982cd,worldToShadowMatrix;shadowBluriness;objectToScreenMatrix;boneMatrix
base/standardwiggleskinnedt.ssh,5,0x00037027,5944,vertex,5_0,d19218ed8795c4e528ab4dc40157b61ce0a01909c4a9b9b76442eec92b5ec820,worldToShadowMatrix;shadowBluriness;objectToScreenMatrix;boneMatrix
base/standardwiggleskinnedt.ssh,6,0x00038934,4704,pixel,5_0,7f9a60b7bd1bd7b7b00e8712c2a405deb5e4acfd3f140dcb5446686f2c09ad33,worldToShadowMatrix;shadowBluriness;objectToScreenMatrix;boneMatrix
base/standardwiggleskinnedt.ssh,7,0x00039d60,4404,pixel,5_0,a3f7ab80774ec68b2885b9650806334e993f70fc876cf7fe50642043db2bcd7a,worldToShadowMatrix;shadowBluriness;objectToScreenMatrix;boneMatrix
base/standardwiggleskinnedt.ssh,8,0x0003b0f0,6136,vertex,5_0,0634b42451dd8f39b2266c2bd4343dd8fa36c4eb0b661a98b8dc5c8d21e7a454,worldToShadowMatrix;shadowBluriness;objectToScreenMatrix;boneMatrix
base/standardwiggleskinnedt.ssh,9,0x0003cabd,4484,pixel,5_0,118ae61966d578c523921912b506ecc2c86e5ba205b6131e79cecc61f9dc3df1,worldToShadowMatrix;shadowBluriness;objectToScreenMatrix;boneMatrix
base/standardwiggleskinnedt.ssh,10,0x0003de0d,4224,pixel,5_0,c405c73869d5ee78dc46f5718ea916ab64d5590e053617cd0d1fff97431fb029,worldToShadowMatrix;shadowBluriness;objectToScreenMatrix;boneMatrix
base/standardwiggleskinnedt.ssh,11,0x0003f0e9,3964,vertex,5_0,420ceae985d049e3711dd96b1082551320c94297cbb8d969aa3dab62cb01ac4e,worldToShadowMatrix;shadowBluriness;objectToScreenMatrix;boneMatrix
base/standardwiggleskinnedt.ssh,13,0x0004049a,3828,vertex,5_0,de446b6214d2f2998d314d52b99cccf92b1a3664e5cf17710fb5b0d14a81290d,worldToShadowMatrix;shadowBluriness;objectToScreenMatrix;boneMatrix
base/standardwiggleskinnedt.ssh,16,0x00041b23,4904,vertex,5_0,1acd3f7624af17bc9b9a03086d1f63d1d1e8b51a08bffc16dff122c7eacf6cba,worldToShadowMatrix;shadowBluriness;objectToScreenMatrix;boneMatrix
base/standardwiggleskinnedt.ssh,17,0x00043030,3060,pixel,5_0,8e8eec2bbd2d2d6d0d41eba5e8f2eee3e185314e2f45d323b5b7c87ce5738583,worldToShadowMatrix;shadowBluriness;objectToScreenMatrix;boneMatrix;baseMap
base/standardwigglestatic.ssh,1,0x000260bd,3388,vertex,5_0,fb8434845a3a8589c8d6ac8b60f867314991ceea77c9fed017ee2c017b65791a,worldToShadowMatrix;shadowBluriness;objectToScreenMatrix
base/standardwigglestatic.ssh,2,0x00026f6c,2576,pixel,5_0,8c8b495a1d474398f6d7b85c3240840b7dab438051f6d758db5a3d3158d8d511,worldToShadowMatrix;shadowBluriness;objectToScreenMatrix
base/standardwigglestatic.ssh,3,0x00027af8,3308,vertex,5_0,eee2510d76ffaa1b8c8491092441ed367c081507439041d8bb607599a74b3bf3,worldToShadowMatrix;shadowBluriness;objectToScreenMatrix
base/standardwigglestatic.ssh,4,0x00028957,3420,pixel,5_0,3a7f0fc9a6242a5f6a29339dd3aedb5d20c89205bec8049967e448214120d38a,worldToShadowMatrix;shadowBluriness;objectToScreenMatrix
base/standardwigglestatic.ssh,5,0x0002982f,4136,vertex,5_0,b57ce580a9ea04b16f720ff964f5d8000c529ada471c4a9d06969ac78fb2f87d,worldToShadowMatrix;shadowBluriness;objectToScreenMatrix
base/standardwigglestatic.ssh,6,0x0002a9ca,4248,pixel,5_0,226b1965e61fa338d0db9b44da21515f4e5cc81d2a2a1d67072bfb96be4ff3f5,worldToShadowMatrix;shadowBluriness;objectToScreenMatrix
base/standardwigglestatic.ssh,7,0x0002bbd6,2648,vertex,5_0,06231928cfd0e850544b62a43af085065145e3cadd509afde3888df87830dcfc,worldToShadowMatrix;shadowBluriness;objectToScreenMatrix
base/standardwigglestatic.ssh,9,0x0002ca21,3368,vertex,5_0,b09d2e70bf83046172fed99eff621b27637879a51f4b6b8c7fc73b1aa0ece188,worldToShadowMatrix;shadowBluriness;objectToScreenMatrix
base/standardwigglestatic.ssh,10,0x0002d8cc,2684,pixel,5_0,4fdbbdc7b68008fc7ac02b5077645b3eeb99e5ab38b9c519a1ea9cf6bd8ea9ac,worldToShadowMatrix;shadowBluriness;objectToScreenMatrix;baseMap
base/standardwigglestaticnoculling.ssh,1,0x000260bd,3388,vertex,5_0,fb8434845a3a8589c8d6ac8b60f867314991ceea77c9fed017ee2c017b65791a,worldToShadowMatrix;shadowBluriness;objectToScreenMatrix
base/standardwigglestaticnoculling.ssh,2,0x00026f6c,2576,pixel,5_0,8c8b495a1d474398f6d7b85c3240840b7dab438051f6d758db5a3d3158d8d511,worldToShadowMatrix;shadowBluriness;objectToScreenMatrix
base/standardwigglestaticnoculling.ssh,3,0x00027af8,3308,vertex,5_0,eee2510d76ffaa1b8c8491092441ed367c081507439041d8bb607599a74b3bf3,worldToShadowMatrix;shadowBluriness;objectToScreenMatrix
base/standardwigglestaticnoculling.ssh,4,0x00028957,3420,pixel,5_0,3a7f0fc9a6242a5f6a29339dd3aedb5d20c89205bec8049967e448214120d38a,worldToShadowMatrix;shadowBluriness;objectToScreenMatrix
base/standardwigglestaticnoculling.ssh,5,0x0002982f,4136,vertex,5_0,b57ce580a9ea04b16f720ff964f5d8000c529ada471c4a9d06969ac78fb2f87d,worldToShadowMatrix;shadowBluriness;objectToScreenMatrix
base/standardwigglestaticnoculling.ssh,6,0x0002a9ca,4248,pixel,5_0,226b1965e61fa338d0db9b44da21515f4e5cc81d2a2a1d67072bfb96be4ff3f5,worldToShadowMatrix;shadowBluriness;objectToScreenMatrix
base/standardwigglestaticnoculling.ssh,7,0x0002bbd6,2648,vertex,5_0,06231928cfd0e850544b62a43af085065145e3cadd509afde3888df87830dcfc,worldToShadowMatrix;shadowBluriness;objectToScreenMatrix
base/standardwigglestaticnoculling.ssh,9,0x0002ca21,3368,vertex,5_0,b09d2e70bf83046172fed99eff621b27637879a51f4b6b8c7fc73b1aa0ece188,worldToShadowMatrix;shadowBluriness;objectToScreenMatrix
base/standardwigglestaticnoculling.ssh,10,0x0002d8cc,2684,pixel,5_0,4fdbbdc7b68008fc7ac02b5077645b3eeb99e5ab38b9c519a1ea9cf6bd8ea9ac,worldToShadowMatrix;shadowBluriness;objectToScreenMatrix;baseMap
base/standardwigglestatict.ssh,1,0x0002a875,3672,vertex,5_0,f9220fe1317d199e9d8a40d0d2424142670b763290196eb9dfa13053c362ad0d,worldToShadowMatrix;shadowBluriness;objectToScreenMatrix
base/standardwigglestatict.ssh,2,0x0002b890,2792,pixel,5_0,fc4e7a443d63c8642fbcdd7e1356c42f0f8750c07457d6c089d90caa9079fd7a,worldToShadowMatrix;shadowBluriness;objectToScreenMatrix
base/standardwigglestatict.ssh,3,0x0002c554,3104,vertex,5_0,6749d2070b22a664a3b3fabef4da7187a97b4faf5b98ff71ce55edd3e4a432bb,worldToShadowMatrix;shadowBluriness;objectToScreenMatrix
base/standardwigglestatict.ssh,4,0x0002d337,3124,pixel,5_0,43db6b208f8f48835b66f9d2cccce37283e62b33a8399c91280b9da9eedde7df,worldToShadowMatrix;shadowBluriness;objectToScreenMatrix
base/standardwigglestatict.ssh,5,0x0002e157,4696,vertex,5_0,f5329a3ce8f9c0e236347afef94c7898a9a02447b8923d2839748aeb22dda788,worldToShadowMatrix;shadowBluriness;objectToScreenMatrix
base/standardwigglestatict.ssh,6,0x0002f572,4608,pixel,5_0,b552787ba69d2a40d4240a89009dc2283bd01aaab6995b5bf4f2c3c5c1e563bf,worldToShadowMatrix;shadowBluriness;objectToScreenMatrix
base/standardwigglestatict.ssh,7,0x0003092e,4308,pixel,5_0,f0448c6d54f0db608cdfb1a9f8de84c18b8975b820d55036d7bb4d642b6adfba,worldToShadowMatrix;shadowBluriness;objectToScreenMatrix
base/standardwigglestatict.ssh,8,0x00031c4e,4880,vertex,5_0,cab0577bdec307a9de3c9575e503dc1af1fa8fbc6a86070a26861abbff7d367e,worldToShadowMatrix;shadowBluriness;objectToScreenMatrix
base/standardwigglestatict.ssh,9,0x00033121,4388,pixel,5_0,49c32069228785c305cfa25dcf440fb2f75fd1fb15c44c95c3e84390df7a0d11,worldToShadowMatrix;shadowBluriness;objectToScreenMatrix
base/standardwigglestatict.ssh,10,0x00034401,4128,pixel,5_0,a79c69e98a6f4a78441d7b676b82d3f9a96808271549d94527391f4b7bf31f39,worldToShadowMatrix;shadowBluriness;objectToScreenMatrix
base/standardwigglestatict.ssh,11,0x0003566d,3068,vertex,5_0,d5fcf76286d036687847454bd0a86a26b09faef157d96f95a2c9e3a93b7af146,worldToShadowMatrix;shadowBluriness;objectToScreenMatrix
base/standardwigglestatict.ssh,13,0x0003668c,2932,vertex,5_0,80b6675dc6c52812ed26554e75c7a4ea6e76b4213ef9fd9608aabc1e5379f057,worldToShadowMatrix;shadowBluriness;objectToScreenMatrix
base/standardwigglestatict.ssh,16,0x00037983,3648,vertex,5_0,b988ae235a524209aad4a20f25ae01d13642515fcb7b9b4e3f6d461d7cd60462,worldToShadowMatrix;shadowBluriness;objectToScreenMatrix
base/standardwigglestatict.ssh,17,0x00038996,2964,pixel,5_0,0b5f8c844f5e2cf71b7f035d66cc3be241bf6ad7072a6704e0102e057abffca9,worldToShadowMatrix;shadowBluriness;objectToScreenMatrix;baseMap
base/terrain/terrainstandard.ssh,1,0x0001e6ac,3160,vertex,5_0,0692aca34fad5e3bcac088505f1b3fd95512283b1b78961139f5db2972b297c3,worldToShadowMatrix;shadowBluriness;objectToScreenMatrix
base/terrain/terrainstandard.ssh,3,0x0001f9d3,3344,vertex,5_0,658cdb897e75332838033ff7798c65b6367110751dc11f6137855b088e7ea689,worldToShadowMatrix;shadowBluriness;objectToScreenMatrix
base/terrain/terrainstandard.ssh,4,0x00020872,3820,pixel,5_0,44766b46d5e80a2e6a4a3a48bdd1a61b1f446d2713c3888ddb5ee89c29b30a99,worldToShadowMatrix;shadowBluriness;objectToScreenMatrix
base/terrain/terrainstandard.ssh,5,0x0002196e,2308,vertex,5_0,cff80435752dfac1344b50bbb26e804e5cbd0a33ef4a8c2d96bf9a1b80a8305c,worldToShadowMatrix;shadowBluriness;objectToScreenMatrix
base/tileblendingstatic.ssh,1,0x0001bb23,2816,vertex,5_0,20b9a86405e369bcc2b6c4f4dd29dbded80ee8aa2e38495b06aa9779ab3a97ee,worldToShadowMatrix;shadowBluriness;objectToScreenMatrix
base/tileblendingstatic.ssh,2,0x0001c745,2308,pixel,5_0,776c170c8dc2941586ae14f92366bb82b979dd33683c0f4de4bf9d95c20047e9,worldToShadowMatrix;shadowBluriness;objectToScreenMatrix
base/tileblendingstatic.ssh,3,0x0001d185,2736,vertex,5_0,d67958a6d1aef06ea6413972fb264d61d918355c54bf9057fe8765e73216abdb,worldToShadowMatrix;shadowBluriness;objectToScreenMatrix
base/tileblendingstatic.ssh,4,0x0001dd57,3196,pixel,5_0,90e7a93851169a88d686abb55e300e859c6ba754b49eea5bd226287d9cb40cea,worldToShadowMatrix;shadowBluriness;objectToScreenMatrix
base/tileblendingstatic.ssh,5,0x0001eb3f,3564,vertex,5_0,7a89c3b2ee4065486c454980d1ed44e3965b42c9af2e59de12b8aa1738762845,worldToShadowMatrix;shadowBluriness;objectToScreenMatrix
base/tileblendingstatic.ssh,6,0x0001fa4d,3980,pixel,5_0,85de488ffa827ee02e0eef4419b7052a45e6ee5532010d1604753894fcaf29b2,worldToShadowMatrix;shadowBluriness;objectToScreenMatrix
base/tileblendingstatic.ssh,7,0x00020afd,2076,vertex,5_0,d550134396338e21d80c5000c67a900865b2599f03d95cc9a5878b16752851de,worldToShadowMatrix;shadowBluriness;objectToScreenMatrix
base/tileblendingstatic.ssh,9,0x000216bb,2796,vertex,5_0,3d89c6a16cf1e4557c4800e605548ed75e528e95b730f06a8d71dce22db29d46,worldToShadowMatrix;shadowBluriness;objectToScreenMatrix
base/tileblendingstatic.ssh,10,0x000222d9,2416,pixel,5_0,aa5647caa3a3ca1ce846f38d3439ca3abb8cdfd471b20302508bc77a157f7ffe,worldToShadowMatrix;shadowBluriness;objectToScreenMatrix;baseMap
base/undergroundouterwall.ssh,1,0x00000e03,852,vertex,5_0,7a98eac5c43af121384bd2474d64d48f208aa1451ebeef692929ad37b12e0759,objectToScreenMatrix
base/water/ripple.ssh,1,0x00003b46,2224,vertex,5_0,353a63cbbf38acab20d7e8335361178059830c17e1a52c1788e78f874268a608,objectToScreenMatrix
base/water/ripplealpha.ssh,1,0x00004284,2224,vertex,5_0,353a63cbbf38acab20d7e8335361178059830c17e1a52c1788e78f874268a608,objectToScreenMatrix
base/water/waterbasic.ssh,1,0x0000abe7,2804,vertex,5_0,c7de2e11b29785fe4d2105e29f0e06c0d3cbbb33f6b71ee45eeaacbb4fbfb451,objectToScreenMatrix
base/water/waterbasic.ssh,2,0x0000b7ec,2704,vertex,5_0,98d59cd2c1f7902df955d60f8e90035ef217c02383c46e0557c4acd99cea9564,objectToScreenMatrix
base/water/waterbasic.ssh,3,0x0000c38d,3148,pixel,5_0,b134e019fb719f87ae93bf8425370fd7062275865222c808be3c73418bfce171,objectToScreenMatrix
base/water/waterbasic.ssh,4,0x0000d0e5,3784,pixel,5_0,88384a2da508ba89bb1ba3b7329a7fb0879f034595f5d419e45102c5366b55ea,objectToScreenMatrix
base/water/watereffect.ssh,1,0x000037ca,1904,vertex,5_0,25486aed6bc7eab0f2a31dd1d66165b92a5452f715bcc6db0944ba899dd89e64,objectToScreenMatrix
base/water/watereffect.ssh,2,0x00003fec,2188,pixel,5_0,10ae698c4011e016db4cb675b766942ffbcbefa8d39c5e4f14b973d3ae8772d4,objectToScreenMatrix
base/water/watereffectvertexcolor.ssh,1,0x000039aa,2000,vertex,5_0,297743d52e0784aac8961468fe97a3b14da78f5c0efc7fef46cc1b3f6dc38a82,objectToScreenMatrix
base/water/watereffectvertexcolor.ssh,2,0x0000422d,2276,pixel,5_0,d410a613528e6a26af5260245b6e4564e477f6a1886c8263e91e6f1d7b343056,objectToScreenMatrix
base/water/waterfall.ssh,1,0x00007b9a,2816,vertex,5_0,019708cf8a3113d8d4ef6d7b1b30fcc8c5f14c1105210f98662854e40da43c3c,objectToScreenMatrix
base/water/waterfall.ssh,2,0x000087bd,3696,pixel,5_0,7a68d8688cfe4c13531dbdf705c946dd4eb456f20100cd7f1b06193905e3ad34,objectToScreenMatrix
base/water/waterfall.ssh,3,0x00009779,2128,vertex,5_0,721584785e5b53206cea10707255ee838cd653d2e4beff2cf5d09f64e15c12ca,objectToScreenMatrix
base/water/waterfall.ssh,4,0x0000a0ec,2440,pixel,5_0,c2cfaf6ed8a4f6ca7db6f21d4379aa24e77a152ca46b09cfb58016ce26619f3e,objectToScreenMatrix
base/water/waterfallskinned.ssh,1,0x0000952a,4052,vertex,5_0,1bc6b2fc993c156839b98a3721434e9bcfa9e4df5392d13dab6d2f18614e8ee9,objectToScreenMatrix;boneMatrix
base/water/waterfallskinned.ssh,2,0x0000a633,3792,pixel,5_0,cf343b06a7ddf8712db72a94330812213e080fbad932f6ee73fc9002b6b4b725,objectToScreenMatrix;boneMatrix
base/water/waterfallskinned.ssh,3,0x0000b65f,3004,vertex,5_0,80bc2f1071db70eb0acb77b847932d5c67e05faccc6294b60c4add432597efb2,objectToScreenMatrix;boneMatrix
base/water/waterfallskinned.ssh,4,0x0000c350,2536,pixel,5_0,00caa662db84c182c5c35142abf9f6cceb52c336bda26ad51cc03e5a91325287,objectToScreenMatrix;boneMatrix
base/water/waterripple.ssh,1,0x00002732,1388,vertex,5_0,8fe7ed906f5be85080f841b5e3621c30a5c679c1c8b72b404fe1e07355ff8c7b,objectToScreenMatrix
base/water/waterwaves.ssh,1,0x00004014,1664,vertex,5_0,e84224ce6fcb6a506756617f72474487965f9c71cd264f0b5542328e836dfce0,objectToScreenMatrix
base/water/waterwaves.ssh,3,0x00004b41,1360,vertex,5_0,ff0a4273277f3f17f0d5165a6ce0a139192ebe77ef6c74f3ae2fb53b8a0a023f,objectToScreenMatrix
base/water/waterwaves.ssh,4,0x000050f2,1292,pixel,5_0,7ceb70c64f21007b2fbc114c2cc1bda35e9d6c560e557b94b184af31e9328e48,objectToScreenMatrix
xpack/iceyskinned.ssh,1,0x00025465,3808,vertex,5_0,a10726843792961d38c51466bfb0f3b1bc04288bc6a69c7cde6d1152295ffeaf,worldToShadowMatrix;shadowBluriness;objectToScreenMatrix;boneMatrix
xpack/iceyskinned.ssh,2,0x00026479,2404,pixel,5_0,7c3f58eb8cb6ff759bf3ce7708ca64c3666afa11c0238cdd7235ee90497274f8,worldToShadowMatrix;shadowBluriness;objectToScreenMatrix;boneMatrix
xpack/iceyskinned.ssh,3,0x00026f29,3968,vertex,5_0,da2b1db6d04e1396bdfad723d37634c8c488ce191a5f4b420abedea45b7dce96,worldToShadowMatrix;shadowBluriness;objectToScreenMatrix;boneMatrix
xpack/iceyskinned.ssh,4,0x00027fdd,3228,pixel,5_0,ac53dcf30cee34c9777d7aeb7385067c6184836c6fa3a79e69a019d108483d5d,worldToShadowMatrix;shadowBluriness;objectToScreenMatrix;boneMatrix
xpack/iceyskinned.ssh,5,0x00028dc5,4788,vertex,5_0,34f28982e66c9d18985cbef9e64503df2d2be483ccd95a3183093fcf2045685e,worldToShadowMatrix;shadowBluriness;objectToScreenMatrix;boneMatrix
xpack/iceyskinned.ssh,6,0x0002a1ad,4020,pixel,5_0,5580789a41a1379d2de1c85e024bbbb129605128f13c4884357991da464fdd5d,worldToShadowMatrix;shadowBluriness;objectToScreenMatrix;boneMatrix
xpack/iceyskinned.ssh,7,0x0002b295,2948,vertex,5_0,f78792c09da4d0cd467129733c9d07dfb7b661014cf639a79b0be415868844b5,worldToShadowMatrix;shadowBluriness;objectToScreenMatrix;boneMatrix
xpack/iceyskinned.ssh,9,0x0002c1cd,4024,vertex,5_0,bbfd05405382bcbd6b1466dc4fbbd9f455e55e4589afd0dc8030bd7227bb1c90,worldToShadowMatrix;shadowBluriness;objectToScreenMatrix;boneMatrix
xpack/iceyskinned.ssh,10,0x0002d2c9,2508,pixel,5_0,e99a97228b08c0ff2fe19600903390e3519880aed03fb2aa8b84a83e506c200e,worldToShadowMatrix;shadowBluriness;objectToScreenMatrix;boneMatrix;baseMap
xpack/iceystatic.ssh,1,0x0001d3ed,2812,vertex,5_0,fec6fe3afc6d17661aa59d31dfc2e6758a916d1540fd67e098a421f2c045b5a5,worldToShadowMatrix;shadowBluriness;objectToScreenMatrix
xpack/iceystatic.ssh,2,0x0001e00b,2304,pixel,5_0,0b79ae051192e66b01b02f834c5cfbf9cd860c66c555d544bfc9f3936db2d4b4,worldToShadowMatrix;shadowBluriness;objectToScreenMatrix
xpack/iceystatic.ssh,3,0x0001ea47,2732,vertex,5_0,7a535f23a8566ff3d888f5b70a64abe3fc7f166f99f77a5fa252e311a943055b,worldToShadowMatrix;shadowBluriness;objectToScreenMatrix
xpack/iceystatic.ssh,4,0x0001f615,3128,pixel,5_0,a26db1e45425396564181e9da944425e7a39e5a2a840edbe3df3fecc1fb3c7eb,worldToShadowMatrix;shadowBluriness;objectToScreenMatrix
xpack/iceystatic.ssh,5,0x00020389,3560,vertex,5_0,cf29223e517cd3901e7b8181bde131a48a83cfb4f87e630dbdcb09ed78b1b77a,worldToShadowMatrix;shadowBluriness;objectToScreenMatrix
xpack/iceystatic.ssh,6,0x00021293,3920,pixel,5_0,ff8301419c8d1002e7ee796db9563b99e7849c117972892233bd773b83de4116,worldToShadowMatrix;shadowBluriness;objectToScreenMatrix
xpack/iceystatic.ssh,7,0x00022307,2072,vertex,5_0,4d8718f268a1344682025d9e6eb5fa53ebf5891c576d6d36b1c835d2e8e93140,worldToShadowMatrix;shadowBluriness;objectToScreenMatrix
xpack/iceystatic.ssh,9,0x00022ec1,2792,vertex,5_0,69171db8e8f59d8daaffab145966cea44e457959906c1ace1967d6aad9becc65,worldToShadowMatrix;shadowBluriness;objectToScreenMatrix
xpack/iceystatic.ssh,10,0x00023adb,2412,pixel,5_0,86ca3343bb7d1d50f19e459553d14db82b10403485cddeaa9b12a564b02beed3,worldToShadowMatrix;shadowBluriness;objectToScreenMatrix;baseMap
xpack2/bifrost.ssh,1,0x0000337b,1884,vertex,5_0,79e7238cc8d5cbfed136105b12c7c5246dc5e9d7061dead9ee4d468a4d39398e,objectToScreenMatrix
xpack2/bifrost.ssh,2,0x00003b98,2820,pixel,5_0,65b2b6435130e98a44fe2d5802d58615ab34785702dff401e541d76cb82880ba,objectToScreenMatrix
xpack2/bifrostskinned.ssh,1,0x00003f43,2756,vertex,5_0,a01c3c2811f22f138fb90171d838b09f5475b8f763b485d1d570c691b9566987,objectToScreenMatrix;boneMatrix
xpack2/bifrostskinned.ssh,2,0x00004ada,2916,pixel,5_0,5e016b51774f83975205f09bc0195366a78b0c18b963606070255dd061e18151,objectToScreenMatrix;boneMatrix
xpack2/blend_textures.ssh,1,0x00001253,1308,vertex,5_0,2796a00fe8869654c17635565e49e0f1f12f8a62675148285df6fbac9a5ee7f4,objectToScreenMatrix
xpack2/standard.ssh,1,0x0002303f,3804,vertex,5_0,2317cea3c4d61b4b6db70f19921fd93a049453a902ea451688b452bbb9f9e2e8,worldToShadowMatrix;shadowBluriness;objectToScreenMatrix;boneMatrix
xpack2/standard.ssh,2,0x0002404f,2400,pixel,5_0,8aca36030aff70089f4300c3345d1e1d737102699c779ef12499cc7215a276ea,worldToShadowMatrix;shadowBluriness;objectToScreenMatrix;boneMatrix
xpack2/standard.ssh,3,0x00024aeb,3964,vertex,5_0,6852b9ead5f71f166e96489a41eae5806ca76f3598559a0dd7e801ed78287c13,worldToShadowMatrix;shadowBluriness;objectToScreenMatrix;boneMatrix
xpack2/standard.ssh,4,0x00025b9b,3244,pixel,5_0,0fd6e95d1e410cfbe8a2d58b4faa23f5386647fffe13ba1816f361b1c4fc1464,worldToShadowMatrix;shadowBluriness;objectToScreenMatrix;boneMatrix
xpack2/standard.ssh,5,0x00026983,4784,vertex,5_0,dd4c557fbe8513b36d7777266acfb118adaacba3495d79abf1ce48956178d163,worldToShadowMatrix;shadowBluriness;objectToScreenMatrix;boneMatrix
xpack2/standard.ssh,6,0x00027d67,4236,pixel,5_0,461f6bcd6c2133831e248984abbec62f7f19daea3a90540d8142ffe1c12d4fe8,worldToShadowMatrix;shadowBluriness;objectToScreenMatrix;boneMatrix
xpack2/standard.ssh,7,0x00028f27,2944,vertex,5_0,ad8001ed5ae384e73fe1fe9200bbf5b59a0fc5481922f5920ac6d6826f26870e,worldToShadowMatrix;shadowBluriness;objectToScreenMatrix;boneMatrix
xpack2/standard.ssh,9,0x00029e5b,4020,vertex,5_0,6a44a979cd4537057debea06337a9599ddaf045dab70610c10241f13574afcad,worldToShadowMatrix;shadowBluriness;objectToScreenMatrix;boneMatrix
xpack2/standard.ssh,10,0x0002af53,2504,pixel,5_0,012085d8071911a7709e1ca2e163916ece1245e7d2aa3ce50c1131b15c071f00,worldToShadowMatrix;shadowBluriness;objectToScreenMatrix;boneMatrix;baseMap
xpack2/standard_double_sided.ssh,1,0x00022b61,3748,vertex,5_0,14e3f315b241f54b0e6c811d8d45e637040ba056e6ab21351f6e927007741632,worldToShadowMatrix;shadowBluriness;objectToScreenMatrix;boneMatrix
xpack2/standard_double_sided.ssh,2,0x00023b29,2344,pixel,5_0,54746421680fdbc21b2dce1a7e9302fe2d351a6b7752be382ef10685397b4269,worldToShadowMatrix;shadowBluriness;objectToScreenMatrix;boneMatrix
xpack2/standard_double_sided.ssh,3,0x0002457d,3908,vertex,5_0,71bd7bb03aaab72b1035ef4fd5850f38cef862b38d40c9f3184a3025d545ef0b,worldToShadowMatrix;shadowBluriness;objectToScreenMatrix;boneMatrix
xpack2/standard_double_sided.ssh,4,0x000255e5,3188,pixel,5_0,dcdd6211f04dafcc0f90cb24095b9368c735e35e919f5607715c0173c90f3a64,worldToShadowMatrix;shadowBluriness;objectToScreenMatrix;boneMatrix
xpack2/standard_double_sided.ssh,5,0x00026385,4728,vertex,5_0,56100773b905c42293603099b2ef314915c9bdcb588be5521981e9eca9eed7f8,worldToShadowMatrix;shadowBluriness;objectToScreenMatrix;boneMatrix
xpack2/standard_double_sided.ssh,6,0x00027721,4016,pixel,5_0,28f829a29f4a3b6bf7af36aee9fcfd1d08bc35d1f0005986d409f7231e56c1a2,worldToShadowMatrix;shadowBluriness;objectToScreenMatrix;boneMatrix
xpack2/standard_double_sided.ssh,7,0x000287f5,2888,vertex,5_0,3eb52bd4ca6301b81a07f238f6719022f09d83a24244adb3f16ea445bf2810fe,worldToShadowMatrix;shadowBluriness;objectToScreenMatrix;boneMatrix
xpack2/standard_double_sided.ssh,9,0x000296e1,3964,vertex,5_0,baf467f8b2018fcc413f88366ce53fdc1bf6af97feed197c85a21386eb1dbde7,worldToShadowMatrix;shadowBluriness;objectToScreenMatrix;boneMatrix
xpack2/standard_double_sided.ssh,10,0x0002a791,2448,pixel,5_0,08be237603c8872fc3b1cb935e98944996bb3e51330b1518539bd20a19ed467b,worldToShadowMatrix;shadowBluriness;objectToScreenMatrix;boneMatrix;baseMap
xpack2/standard_tqit.ssh,1,0x00030cc9,4632,vertex,5_0,4140aa6918422f13960fca25aeded13ceb3c786d7fd40082640f3e35d17f8cca,worldToShadowMatrix;shadowBluriness;objectToScreenMatrix;boneMatrix
xpack2/standard_tqit.ssh,2,0x00032086,2836,pixel,5_0,2e61bfedc02eab466c38a45928a8fd96773d4287d9af5708e15ba69c8aa83684,worldToShadowMatrix;shadowBluriness;objectToScreenMatrix;boneMatrix
xpack2/standard_tqit.ssh,3,0x00032d56,4792,vertex,5_0,95de891180524e4596e60fa9e5b7dc5f7c439984313a521a5d92fc69fc6dd14b,worldToShadowMatrix;shadowBluriness;objectToScreenMatrix;boneMatrix
xpack2/standard_tqit.ssh,4,0x000341b3,3824,pixel,5_0,ae4967fad82fca95bcb04240d0c398f184cfc4db50087cb8e2053b94cca08c18,worldToShadowMatrix;shadowBluriness;objectToScreenMatrix;boneMatrix
xpack2/standard_tqit.ssh,5,0x0003528f,5612,vertex,5_0,1bc3f5e3ab39725e3c095792c9c3fab6bdc97de0560cc18be03dfc5104d3066c,worldToShadowMatrix;shadowBluriness;objectToScreenMatrix;boneMatrix
xpack2/standard_tqit.ssh,6,0x00036a20,4708,pixel,5_0,b6ff26b97fa900986d179c2843ad66cfb4136ffb8abc3d0d5e25c37934acf482,worldToShadowMatrix;shadowBluriness;objectToScreenMatrix;boneMatrix
xpack2/standard_tqit.ssh,7,0x00037e28,3708,vertex,5_0,adff9f37be103c0a9dd8fd21f39e9803629b9d5cb8cb4a43ced56a629819642f,worldToShadowMatrix;shadowBluriness;objectToScreenMatrix;boneMatrix
xpack2/standard_tqit.ssh,9,0x000390c9,4848,vertex,5_0,2fc17cead02cc4cd2750431f73fe1041748b86cde126fea90ab51c3101ab224a,worldToShadowMatrix;shadowBluriness;objectToScreenMatrix;boneMatrix
xpack2/standard_tqit.ssh,10,0x0003a56e,2940,pixel,5_0,ccd75c9f0e0489f2619eaa091b639c5d893070f10792f1ef758da24ea5b45e53,worldToShadowMatrix;shadowBluriness;objectToScreenMatrix;boneMatrix;baseMap
xpack2/standarddoublesidedskinnedglow.ssh,1,0x000235b7,3748,vertex,5_0,14e3f315b241f54b0e6c811d8d45e637040ba056e6ab21351f6e927007741632,worldToShadowMatrix;shadowBluriness;objectToScreenMatrix;boneMatrix
xpack2/standarddoublesidedskinnedglow.ssh,2,0x0002457f,2344,pixel,5_0,54746421680fdbc21b2dce1a7e9302fe2d351a6b7752be382ef10685397b4269,worldToShadowMatrix;shadowBluriness;objectToScreenMatrix;boneMatrix
xpack2/standarddoublesidedskinnedglow.ssh,3,0x00024fd3,3908,vertex,5_0,71bd7bb03aaab72b1035ef4fd5850f38cef862b38d40c9f3184a3025d545ef0b,worldToShadowMatrix;shadowBluriness;objectToScreenMatrix;boneMatrix
xpack2/standarddoublesidedskinnedglow.ssh,4,0x0002603b,3388,pixel,5_0,7eeb1e53872f83838e4a66e34315fc0f75dfd1cea0203e434dfa2eea4d046bbe,worldToShadowMatrix;shadowBluriness;objectToScreenMatrix;boneMatrix
xpack2/standarddoublesidedskinnedglow.ssh,5,0x00026ea3,4728,vertex,5_0,56100773b905c42293603099b2ef314915c9bdcb588be5521981e9eca9eed7f8,worldToShadowMatrix;shadowBluriness;objectToScreenMatrix;boneMatrix
xpack2/standarddoublesidedskinnedglow.ssh,6,0x0002823f,4216,pixel,5_0,aa716d3cebe8b3e7786b7b88fe2c208a3b91e3d2d4805db362048d49f2fad803,worldToShadowMatrix;shadowBluriness;objectToScreenMatrix;boneMatrix
xpack2/standarddoublesidedskinnedglow.ssh,7,0x000293db,2888,vertex,5_0,3eb52bd4ca6301b81a07f238f6719022f09d83a24244adb3f16ea445bf2810fe,worldToShadowMatrix;shadowBluriness;objectToScreenMatrix;boneMatrix
xpack2/standarddoublesidedskinnedglow.ssh,9,0x0002a2c7,3964,vertex,5_0,baf467f8b2018fcc413f88366ce53fdc1bf6af97feed197c85a21386eb1dbde7,worldToShadowMatrix;shadowBluriness;objectToScreenMatrix;boneMatrix
xpack2/standarddoublesidedskinnedglow.ssh,10,0x0002b377,2448,pixel,5_0,08be237603c8872fc3b1cb935e98944996bb3e51330b1518539bd20a19ed467b,worldToShadowMatrix;shadowBluriness;objectToScreenMatrix;boneMatrix;baseMap
xpack2/standardglowscrollstatic.ssh,1,0x0001c77b,2912,vertex,5_0,2ac77321aba20c2dddfec538c0c1a547e235cf919fd510c2ef52fa12ff7fe2fa,worldToShadowMatrix;shadowBluriness;objectToScreenMatrix
xpack2/standardglowscrollstatic.ssh,2,0x0001d3fd,2340,pixel,5_0,bc2ddbd32d646ac21285cc7b79f7ea5c22dad98b66a46752ca7e4c4dbbb7ff6d,worldToShadowMatrix;shadowBluriness;objectToScreenMatrix
xpack2/standardglowscrollstatic.ssh,3,0x0001de4d,2832,vertex,5_0,82cf7ceb1a11042b883a4678d5bda139c2961039fbf4b68fef5f6fbd424adca3,worldToShadowMatrix;shadowBluriness;objectToScreenMatrix
xpack2/standardglowscrollstatic.ssh,4,0x0001ea7f,3384,pixel,5_0,e7282b4aa1ccd95bfb2b8242e8af070d9a96ac887d152de63099042d3b22441d,worldToShadowMatrix;shadowBluriness;objectToScreenMatrix
xpack2/standardglowscrollstatic.ssh,5,0x0001f8e3,3660,vertex,5_0,9fcb1597e6400288283863c00670641ac640d10ae507cb52af059676b32cf270,worldToShadowMatrix;shadowBluriness;objectToScreenMatrix
xpack2/standardglowscrollstatic.ssh,6,0x00020851,4212,pixel,5_0,e290c7df9ba6570fd7c045644285b9f3352c7d2219ddb441d425e6f5bc2a5257,worldToShadowMatrix;shadowBluriness;objectToScreenMatrix
xpack2/standardglowscrollstatic.ssh,7,0x000219e9,2108,vertex,5_0,1d95e80ae99edb1fcd3b568e989e461b6354b12ae161e049a400c1fa6621a82e,worldToShadowMatrix;shadowBluriness;objectToScreenMatrix
xpack2/standardglowscrollstatic.ssh,9,0x000225c7,2892,vertex,5_0,822c7fab28c9fce21342a1051823e94dbba33c27a8b207e90a5911fa456829f2,worldToShadowMatrix;shadowBluriness;objectToScreenMatrix
xpack2/standardglowscrollstatic.ssh,10,0x00023245,2448,pixel,5_0,adf55928e0c75a925ad1b244f52f368cf7fcf9d94a0ad4d8f105a297cf8d42b7,worldToShadowMatrix;shadowBluriness;objectToScreenMatrix;baseMap
xpack2/standardglowscrollwigglestatic.ssh,1,0x0002777f,3548,vertex,5_0,2dc4ae9f633ef198fcb1e3b18edbffc18b2b82169c5c227f519315b84837fb6f,worldToShadowMatrix;shadowBluriness;objectToScreenMatrix
xpack2/standardglowscrollwigglestatic.ssh,2,0x000286de,2672,pixel,5_0,815eee74bba235f87f5b68992ef5bc11683aa801486bb30a3534895a90203808,worldToShadowMatrix;shadowBluriness;objectToScreenMatrix
xpack2/standardglowscrollwigglestatic.ssh,3,0x000292da,3468,vertex,5_0,fd7fce27fd9d4c8da1de52a39c9e3e0bef6d4aada52b0b990164a16d52b1b41e,worldToShadowMatrix;shadowBluriness;objectToScreenMatrix
xpack2/standardglowscrollwigglestatic.ssh,4,0x0002a1e9,3716,pixel,5_0,6f7431cf0974168851a5468aa4269b97cbeaf73ccc49cb668e8908e9a3a532e4,worldToShadowMatrix;shadowBluriness;objectToScreenMatrix
xpack2/standardglowscrollwigglestatic.ssh,5,0x0002b1f9,4296,vertex,5_0,711cafcd1f07f810ed7c835493655969bcc0707d1d7024f9ab0de12da73499c8,worldToShadowMatrix;shadowBluriness;objectToScreenMatrix
xpack2/standardglowscrollwigglestatic.ssh,6,0x0002c444,4544,pixel,5_0,75dd87a3592e5ab10b2e16bccafe45944777ecdb383875b3df81e4d00fd54537,worldToShadowMatrix;shadowBluriness;objectToScreenMatrix
xpack2/standardglowscrollwigglestatic.ssh,7,0x0002d788,2744,vertex,5_0,2872c02561d8a3e93c89e40f963f23a5525794622d4f8e5a07f3fc10a02ff98a,worldToShadowMatrix;shadowBluriness;objectToScreenMatrix
xpack2/standardglowscrollwigglestatic.ssh,9,0x0002e643,3528,vertex,5_0,18d51a9653daa3def35f62ab3864a956836bbb9603f99b9d7b2b02e8883312e6,worldToShadowMatrix;shadowBluriness;objectToScreenMatrix
xpack2/standardglowscrollwigglestatic.ssh,10,0x0002f59e,2780,pixel,5_0,13b69a60f62d5e04baa1a245e1766442088c8d864b0c70801ffccc25d9639ff7,worldToShadowMatrix;shadowBluriness;objectToScreenMatrix;baseMap
xpack2/standardskinnedfresnelmask.ssh,1,0x0002304f,3852,vertex,5_0,ab82968978a983fd27d605b9d1049dfa981bcc036562315586ae39a6379ac1a5,worldToShadowMatrix;shadowBluriness;objectToScreenMatrix;boneMatrix
xpack2/standardskinnedfresnelmask.ssh,2,0x0002409f,2448,pixel,5_0,fc166031561d338cd00c099830c19f44ba48fba997fe4510b2af93a57af35ed5,worldToShadowMatrix;shadowBluriness;objectToScreenMatrix;boneMatrix
xpack2/standardskinnedfresnelmask.ssh,3,0x00024b7b,4012,vertex,5_0,eb362eef6f39e5d97dbb898b02691fa425a6195481615f5db285dc3b6f66a6bc,worldToShadowMatrix;shadowBluriness;objectToScreenMatrix;boneMatrix
xpack2/standardskinnedfresnelmask.ssh,4,0x00025c6b,3560,pixel,5_0,0180bf072a3f2c420f306f1f539301818a84777fac01302016e4ee761cfb83cb,worldToShadowMatrix;shadowBluriness;objectToScreenMatrix;boneMatrix
xpack2/standardskinnedfresnelmask.ssh,5,0x00026b9f,4832,vertex,5_0,4402b2b24aec093a6afa68963a2671ebfc541e8d11d847faf8675fc37a82ebb3,worldToShadowMatrix;shadowBluriness;objectToScreenMatrix;boneMatrix
xpack2/standardskinnedfresnelmask.ssh,6,0x00027fc3,4552,pixel,5_0,6f4326edeae785ae201a1c2c6294e9013ae9c079d1a5e01553b6649024ad0329,worldToShadowMatrix;shadowBluriness;objectToScreenMatrix;boneMatrix
xpack2/standardskinnedfresnelmask.ssh,7,0x000292cf,2992,vertex,5_0,bcd09e32ff44b12627b596e4a2cd8c7d54587444353bb16b421ead9baa6f2ebb,worldToShadowMatrix;shadowBluriness;objectToScreenMatrix;boneMatrix
xpack2/standardskinnedfresnelmask.ssh,9,0x0002a243,4068,vertex,5_0,b4bd68eb4a352ac7eb5e2ce98cabb4b23a38e8013bf8586f758b3761fe7b3e75,worldToShadowMatrix;shadowBluriness;objectToScreenMatrix;boneMatrix
xpack2/standardskinnedfresnelmask.ssh,10,0x0002b37b,2552,pixel,5_0,be9097c52d268915e142c73a9b25bc3bf51f5bcf03559176ebf79533b05bbec0,worldToShadowMatrix;shadowBluriness;objectToScreenMatrix;boneMatrix;baseMap
xpack2/vertexcolorlayers.ssh,1,0x0001a8cd,2200,vertex,5_0,599df49949e078d4134c9fc64c139e38134c6077a3e9fb07c7c3448bf69b0d43,objectToScreenMatrix
xpack2/vertexcolorlayers.ssh,2,0x0001b238,1808,pixel,5_0,0deca4ab07c4ef931e74bf8f33987a940eca422b22ff874069088c4a7174eac5,objectToScreenMatrix
xpack2/vertexcolorlayers.ssh,3,0x0001ba24,2320,vertex,5_0,dc2a3cc9afcb4d27d16c689e2e3ce9f20273ffa2c1f8a172f60433502333af26,objectToScreenMatrix
xpack2/vertexcolorlayers.ssh,4,0x0001c407,4044,pixel,5_0,021e15df988ee0a3ce5eb3767da4881ae11de38e8bae697034558e81eeb70ad9,objectToScreenMatrix
xpack2/yggdrasil_backdrop.ssh,1,0x00001c78,1396,vertex,5_0,da1eac175c66a648db781b31adaf1efa14e75692378d0f827d4f4afaea6c8931,objectToScreenMatrix
xpack2/yggdrasil_backdrop.ssh,2,0x0000224f,2236,pixel,5_0,d3e8d94d953f4653ceea1f13f933c8071d62f0007e8cf962d377d101445eb4ae,objectToScreenMatrix
